TIME;CH1;CH2;;;PROBE X;V/DIV;T/DIV;V_MIN;V_MAX;V_AVG;;;2026/03/11 22:23;;FNIRSI 1013D;
8,00E-5;2,00E-3;4,00E-3;;TRUE;1;5,00E-2;2,00E-3;-6,60E-2;3,40E-2;-3,71E-3;D:\10.wav;;;;;
1,20E-4;2,00E-3;4,00E-3;;TRUE;1;5,00E-2;2,00E-3;-6,20E-2;2,60E-2;-5,15E-3;;;;;;
1,60E-4;2,00E-3;4,00E-3;;;;;;;;;;;;;;
2,00E-4;2,00E-3;4,00E-3;;;;;;;;;;;;;;
2,40E-4;4,00E-3;8,00E-3;;;;;;;;;;;;;;
2,80E-4;4,00E-3;1,20E-2;;;;;;;;;;;;;;
3,20E-4;2,00E-3;8,00E-3;;;;;;;;;;;;;;
3,60E-4;4,00E-3;8,00E-3;;;;;;;;;;;;;;
4,00E-4;4,00E-3;8,00E-3;;;;;;;;;;;;;;
4,40E-4;2,00E-3;8,00E-3;;;;;;;;;;;;;;
4,80E-4;2,00E-3;2,00E-3;;;;;;;;;;;;;;
5,20E-4;4,00E-3;8,00E-3;;;;;;;;;;;;;;
5,60E-4;2,00E-3;4,00E-3;;;;;;;;;;;;;;
6,00E-4;-2,00E-3;2,00E-3;;;;;;;;;;;;;;
6,40E-4;2,00E-3;2,00E-3;;;;;;;;;;;;;;
6,80E-4;2,00E-3;-2,00E-3;;;;;;;;;;;;;;
7,20E-4;2,00E-3;4,00E-3;;;;;;;;;;;;;;
7,60E-4;4,00E-3;4,00E-3;;;;;;;;;;;;;;
8,00E-4;8,00E-3;4,00E-3;;;;;;;;;;;;;;
8,40E-4;4,00E-3;4,00E-3;;;;;;;;;;;;;;
8,80E-4;4,00E-3;4,00E-3;;;;;;;;;;;;;;
9,20E-4;8,00E-3;4,00E-3;;;;;;;;;;;;;;
9,60E-4;4,00E-3;2,00E-3;;;;;;;;;;;;;;
1,00E-3;4,00E-3;2,00E-3;;;;;;;;;;;;;;
1,04E-3;1,20E-2;4,00E-3;;;;;;;;;;;;;;
1,08E-3;2,00E-3;-2,00E-3;;;;;;;;;;;;;;
1,12E-3;4,00E-3;-2,00E-3;;;;;;;;;;;;;;
1,16E-3;4,00E-3;2,00E-3;;;;;;;;;;;;;;
1,20E-3;8,00E-3;-2,00E-3;;;;;;;;;;;;;;
1,24E-3;4,00E-3;-2,00E-3;;;;;;;;;;;;;;
1,28E-3;2,00E-3;-2,00E-3;;;;;;;;;;;;;;
1,32E-3;4,00E-3;-2,00E-3;;;;;;;;;;;;;;
1,36E-3;2,00E-3;-6,00E-3;;;;;;;;;;;;;;
1,40E-3;2,00E-3;-2,00E-3;;;;;;;;;;;;;;
1,44E-3;8,00E-3;4,00E-3;;;;;;;;;;;;;;
1,48E-3;4,00E-3;2,00E-3;;;;;;;;;;;;;;
1,52E-3;1,20E-2;1,20E-2;;;;;;;;;;;;;;
1,56E-3;8,00E-3;2,00E-3;;;;;;;;;;;;;;
1,60E-3;4,00E-3;2,00E-3;;;;;;;;;;;;;;
1,64E-3;4,00E-3;2,00E-3;;;;;;;;;;;;;;
1,68E-3;8,00E-3;4,00E-3;;;;;;;;;;;;;;
1,72E-3;8,00E-3;4,00E-3;;;;;;;;;;;;;;
1,76E-3;4,00E-3;4,00E-3;;;;;;;;;;;;;;
1,80E-3;8,00E-3;8,00E-3;;;;;;;;;;;;;;
1,84E-3;1,20E-2;1,20E-2;;;;;;;;;;;;;;
1,88E-3;2,60E-2;2,00E-2;;;;;;;;;;;;;;
1,92E-3;1,20E-2;1,20E-2;;;;;;;;;;;;;;
1,96E-3;1,20E-2;1,60E-2;;;;;;;;;;;;;;
2,00E-3;1,20E-2;1,20E-2;;;;;;;;;;;;;;
2,04E-3;1,60E-2;1,60E-2;;;;;;;;;;;;;;
2,08E-3;1,60E-2;1,60E-2;;;;;;;;;;;;;;
2,12E-3;1,60E-2;2,00E-2;;;;;;;;;;;;;;
2,16E-3;1,60E-2;2,00E-2;;;;;;;;;;;;;;
2,20E-3;1,60E-2;2,00E-2;;;;;;;;;;;;;;
2,24E-3;1,60E-2;2,00E-2;;;;;;;;;;;;;;
2,28E-3;1,60E-2;2,40E-2;;;;;;;;;;;;;;
2,32E-3;2,40E-2;2,60E-2;;;;;;;;;;;;;;
2,36E-3;1,60E-2;2,40E-2;;;;;;;;;;;;;;
2,40E-3;1,20E-2;1,60E-2;;;;;;;;;;;;;;
2,44E-3;1,60E-2;2,00E-2;;;;;;;;;;;;;;
2,48E-3;1,60E-2;2,00E-2;;;;;;;;;;;;;;
2,52E-3;1,60E-2;1,60E-2;;;;;;;;;;;;;;
2,56E-3;2,00E-2;2,00E-2;;;;;;;;;;;;;;
2,60E-3;1,60E-2;2,00E-2;;;;;;;;;;;;;;
2,64E-3;1,20E-2;1,60E-2;;;;;;;;;;;;;;
2,68E-3;1,20E-2;1,20E-2;;;;;;;;;;;;;;
2,72E-3;1,60E-2;1,60E-2;;;;;;;;;;;;;;
2,76E-3;8,00E-3;4,00E-3;;;;;;;;;;;;;;
2,80E-3;1,60E-2;1,20E-2;;;;;;;;;;;;;;
2,84E-3;1,20E-2;1,20E-2;;;;;;;;;;;;;;
2,88E-3;1,20E-2;8,00E-3;;;;;;;;;;;;;;
2,92E-3;8,00E-3;8,00E-3;;;;;;;;;;;;;;
2,96E-3;1,20E-2;8,00E-3;;;;;;;;;;;;;;
3,00E-3;1,20E-2;8,00E-3;;;;;;;;;;;;;;
3,04E-3;8,00E-3;4,00E-3;;;;;;;;;;;;;;
3,08E-3;2,00E-3;-2,00E-3;;;;;;;;;;;;;;
3,12E-3;4,00E-3;-2,00E-3;;;;;;;;;;;;;;
3,16E-3;4,00E-3;-2,00E-3;;;;;;;;;;;;;;
3,20E-3;4,00E-3;-2,00E-3;;;;;;;;;;;;;;
3,24E-3;4,00E-3;-2,00E-3;;;;;;;;;;;;;;
3,28E-3;2,00E-3;-2,00E-3;;;;;;;;;;;;;;
3,32E-3;2,00E-3;-2,00E-3;;;;;;;;;;;;;;
3,36E-3;4,00E-3;-2,00E-3;;;;;;;;;;;;;;
3,40E-3;2,00E-3;-6,00E-3;;;;;;;;;;;;;;
3,44E-3;2,00E-3;-2,00E-3;;;;;;;;;;;;;;
3,48E-3;2,00E-3;2,00E-3;;;;;;;;;;;;;;
3,52E-3;2,00E-3;-2,00E-3;;;;;;;;;;;;;;
3,56E-3;2,00E-3;-6,00E-3;;;;;;;;;;;;;;
3,60E-3;4,00E-3;-2,00E-3;;;;;;;;;;;;;;
3,64E-3;4,00E-3;-2,00E-3;;;;;;;;;;;;;;
3,68E-3;2,00E-3;-2,00E-3;;;;;;;;;;;;;;
3,72E-3;4,00E-3;2,00E-3;;;;;;;;;;;;;;
3,76E-3;4,00E-3;4,00E-3;;;;;;;;;;;;;;
3,80E-3;2,00E-3;2,00E-3;;;;;;;;;;;;;;
3,84E-3;4,00E-3;2,00E-3;;;;;;;;;;;;;;
3,88E-3;4,00E-3;4,00E-3;;;;;;;;;;;;;;
3,92E-3;4,00E-3;4,00E-3;;;;;;;;;;;;;;
3,96E-3;4,00E-3;8,00E-3;;;;;;;;;;;;;;
4,00E-3;4,00E-3;8,00E-3;;;;;;;;;;;;;;
4,04E-3;4,00E-3;4,00E-3;;;;;;;;;;;;;;
4,08E-3;8,00E-3;8,00E-3;;;;;;;;;;;;;;
4,12E-3;4,00E-3;8,00E-3;;;;;;;;;;;;;;
4,16E-3;1,20E-2;1,20E-2;;;;;;;;;;;;;;
4,20E-3;8,00E-3;1,20E-2;;;;;;;;;;;;;;
4,24E-3;4,00E-3;8,00E-3;;;;;;;;;;;;;;
4,28E-3;2,00E-3;-6,00E-3;;;;;;;;;;;;;;
4,32E-3;4,00E-3;1,20E-2;;;;;;;;;;;;;;
4,36E-3;8,00E-3;1,20E-2;;;;;;;;;;;;;;
4,40E-3;1,20E-2;1,60E-2;;;;;;;;;;;;;;
4,44E-3;8,00E-3;8,00E-3;;;;;;;;;;;;;;
4,48E-3;4,00E-3;4,00E-3;;;;;;;;;;;;;;
4,52E-3;2,00E-2;1,60E-2;;;;;;;;;;;;;;
4,56E-3;4,00E-3;4,00E-3;;;;;;;;;;;;;;
4,60E-3;-6,00E-3;1,20E-2;;;;;;;;;;;;;;
4,64E-3;4,00E-3;4,00E-3;;;;;;;;;;;;;;
4,68E-3;-1,40E-2;-1,40E-2;;;;;;;;;;;;;;
4,72E-3;4,00E-3;4,00E-3;;;;;;;;;;;;;;
4,76E-3;2,00E-3;-2,00E-3;;;;;;;;;;;;;;
4,80E-3;2,00E-3;-2,00E-3;;;;;;;;;;;;;;
4,84E-3;2,00E-3;-2,00E-3;;;;;;;;;;;;;;
4,88E-3;-2,00E-3;-6,00E-3;;;;;;;;;;;;;;
4,92E-3;-2,00E-3;-6,00E-3;;;;;;;;;;;;;;
4,96E-3;4,00E-3;4,00E-3;;;;;;;;;;;;;;
5,00E-3;-6,00E-3;-1,00E-2;;;;;;;;;;;;;;
5,04E-3;1,20E-2;-1,40E-2;;;;;;;;;;;;;;
5,08E-3;-6,00E-3;-1,00E-2;;;;;;;;;;;;;;
5,12E-3;-2,80E-2;-2,80E-2;;;;;;;;;;;;;;
5,16E-3;-1,00E-2;-1,40E-2;;;;;;;;;;;;;;
5,20E-3;-1,40E-2;-2,00E-2;;;;;;;;;;;;;;
5,24E-3;-6,00E-3;-1,80E-2;;;;;;;;;;;;;;
5,28E-3;-6,00E-3;-1,40E-2;;;;;;;;;;;;;;
5,32E-3;-6,00E-3;-1,80E-2;;;;;;;;;;;;;;
5,36E-3;-1,00E-2;-1,80E-2;;;;;;;;;;;;;;
5,40E-3;-1,00E-2;-1,80E-2;;;;;;;;;;;;;;
5,44E-3;-6,00E-3;-1,40E-2;;;;;;;;;;;;;;
5,48E-3;-1,00E-2;-1,40E-2;;;;;;;;;;;;;;
5,52E-3;-1,00E-2;-1,40E-2;;;;;;;;;;;;;;
5,56E-3;-1,00E-2;-1,40E-2;;;;;;;;;;;;;;
5,60E-3;-1,00E-2;-1,80E-2;;;;;;;;;;;;;;
5,64E-3;-2,80E-2;-2,80E-2;;;;;;;;;;;;;;
5,68E-3;-6,00E-3;-1,00E-2;;;;;;;;;;;;;;
5,72E-3;-1,40E-2;-2,00E-2;;;;;;;;;;;;;;
5,76E-3;-6,00E-3;-6,00E-3;;;;;;;;;;;;;;
5,80E-3;4,00E-3;8,00E-3;;;;;;;;;;;;;;
5,84E-3;-1,00E-2;-1,00E-2;;;;;;;;;;;;;;
5,88E-3;-1,00E-2;-1,40E-2;;;;;;;;;;;;;;
5,92E-3;-2,00E-3;-2,00E-3;;;;;;;;;;;;;;
5,96E-3;-1,00E-2;-1,40E-2;;;;;;;;;;;;;;
6,00E-3;-6,00E-3;-6,00E-3;;;;;;;;;;;;;;
6,04E-3;-6,00E-3;-6,00E-3;;;;;;;;;;;;;;
6,08E-3;-6,00E-3;2,00E-3;;;;;;;;;;;;;;
6,12E-3;-2,00E-3;2,00E-3;;;;;;;;;;;;;;
6,16E-3;2,00E-3;2,00E-3;;;;;;;;;;;;;;
6,20E-3;2,00E-3;2,00E-3;;;;;;;;;;;;;;
6,24E-3;2,00E-3;4,00E-3;;;;;;;;;;;;;;
6,28E-3;-2,00E-3;-2,00E-3;;;;;;;;;;;;;;
6,32E-3;-2,00E-3;4,00E-3;;;;;;;;;;;;;;
6,36E-3;-2,00E-3;2,00E-3;;;;;;;;;;;;;;
6,40E-3;-2,00E-3;2,00E-3;;;;;;;;;;;;;;
6,44E-3;-2,00E-3;-2,00E-3;;;;;;;;;;;;;;
6,48E-3;-2,00E-3;-2,00E-3;;;;;;;;;;;;;;
6,52E-3;-2,00E-3;-2,00E-3;;;;;;;;;;;;;;
6,56E-3;-2,00E-3;-2,00E-3;;;;;;;;;;;;;;
6,60E-3;-2,00E-3;2,00E-3;;;;;;;;;;;;;;
6,64E-3;-2,00E-3;-2,00E-3;;;;;;;;;;;;;;
6,68E-3;-2,00E-3;-6,00E-3;;;;;;;;;;;;;;
6,72E-3;-2,00E-3;-2,00E-3;;;;;;;;;;;;;;
6,76E-3;-2,00E-3;-1,00E-2;;;;;;;;;;;;;;
6,80E-3;-2,00E-3;-1,00E-2;;;;;;;;;;;;;;
6,84E-3;-6,00E-3;-6,00E-3;;;;;;;;;;;;;;
6,88E-3;-1,00E-2;-1,00E-2;;;;;;;;;;;;;;
6,92E-3;-1,00E-2;-1,00E-2;;;;;;;;;;;;;;
6,96E-3;-1,40E-2;-1,80E-2;;;;;;;;;;;;;;
7,00E-3;-1,00E-2;-1,40E-2;;;;;;;;;;;;;;
7,04E-3;-6,00E-3;-1,40E-2;;;;;;;;;;;;;;
7,08E-3;-6,00E-3;-1,00E-2;;;;;;;;;;;;;;
7,12E-3;-6,00E-3;-1,40E-2;;;;;;;;;;;;;;
7,16E-3;-1,00E-2;-1,80E-2;;;;;;;;;;;;;;
7,20E-3;-1,00E-2;-2,00E-2;;;;;;;;;;;;;;
7,24E-3;-1,00E-2;-1,80E-2;;;;;;;;;;;;;;
7,28E-3;-1,40E-2;-2,00E-2;;;;;;;;;;;;;;
7,32E-3;-1,40E-2;-2,00E-2;;;;;;;;;;;;;;
7,36E-3;-1,00E-2;-1,80E-2;;;;;;;;;;;;;;
7,40E-3;-1,40E-2;-1,80E-2;;;;;;;;;;;;;;
7,44E-3;-1,40E-2;-1,80E-2;;;;;;;;;;;;;;
7,48E-3;-1,40E-2;-1,80E-2;;;;;;;;;;;;;;
7,52E-3;-1,40E-2;-1,80E-2;;;;;;;;;;;;;;
7,56E-3;-1,40E-2;-1,80E-2;;;;;;;;;;;;;;
7,60E-3;-1,40E-2;-1,80E-2;;;;;;;;;;;;;;
7,64E-3;-1,00E-2;-1,40E-2;;;;;;;;;;;;;;
7,68E-3;-1,40E-2;-1,40E-2;;;;;;;;;;;;;;
7,72E-3;-1,00E-2;-1,40E-2;;;;;;;;;;;;;;
7,76E-3;-6,00E-3;-1,00E-2;;;;;;;;;;;;;;
7,80E-3;-1,00E-2;-1,40E-2;;;;;;;;;;;;;;
7,84E-3;-1,00E-2;-1,00E-2;;;;;;;;;;;;;;
7,88E-3;-6,00E-3;-6,00E-3;;;;;;;;;;;;;;
7,92E-3;-1,00E-2;-6,00E-3;;;;;;;;;;;;;;
7,96E-3;-6,00E-3;-2,00E-3;;;;;;;;;;;;;;
8,00E-3;-6,00E-3;-6,00E-3;;;;;;;;;;;;;;
8,04E-3;-6,00E-3;-2,00E-3;;;;;;;;;;;;;;
8,08E-3;-6,00E-3;-2,00E-3;;;;;;;;;;;;;;
8,12E-3;-2,00E-3;2,00E-3;;;;;;;;;;;;;;
8,16E-3;-2,00E-3;2,00E-3;;;;;;;;;;;;;;
8,20E-3;-2,00E-3;2,00E-3;;;;;;;;;;;;;;
8,24E-3;-2,00E-3;2,00E-3;;;;;;;;;;;;;;
8,28E-3;-2,00E-3;4,00E-3;;;;;;;;;;;;;;
8,32E-3;-2,00E-3;2,00E-3;;;;;;;;;;;;;;
8,36E-3;-2,00E-3;2,00E-3;;;;;;;;;;;;;;
8,40E-3;2,00E-3;4,00E-3;;;;;;;;;;;;;;
8,44E-3;-2,00E-3;2,00E-3;;;;;;;;;;;;;;
8,48E-3;-2,00E-3;2,00E-3;;;;;;;;;;;;;;
8,52E-3;-2,00E-3;2,00E-3;;;;;;;;;;;;;;
8,56E-3;-2,00E-3;-2,00E-3;;;;;;;;;;;;;;
8,60E-3;-2,00E-3;-2,00E-3;;;;;;;;;;;;;;
8,64E-3;-2,00E-3;-2,00E-3;;;;;;;;;;;;;;
8,68E-3;-2,00E-3;-2,00E-3;;;;;;;;;;;;;;
8,72E-3;-2,00E-3;-6,00E-3;;;;;;;;;;;;;;
8,76E-3;-6,00E-3;-6,00E-3;;;;;;;;;;;;;;
8,80E-3;-2,00E-3;-6,00E-3;;;;;;;;;;;;;;
8,84E-3;-1,00E-2;-1,00E-2;;;;;;;;;;;;;;
8,88E-3;-6,00E-3;-1,00E-2;;;;;;;;;;;;;;
8,92E-3;-6,00E-3;-1,00E-2;;;;;;;;;;;;;;
8,96E-3;-1,00E-2;-1,40E-2;;;;;;;;;;;;;;
9,00E-3;-1,00E-2;-1,40E-2;;;;;;;;;;;;;;
9,04E-3;-1,00E-2;-1,80E-2;;;;;;;;;;;;;;
9,08E-3;-1,00E-2;-1,40E-2;;;;;;;;;;;;;;
9,12E-3;-1,40E-2;-1,80E-2;;;;;;;;;;;;;;
9,16E-3;-1,00E-2;-1,40E-2;;;;;;;;;;;;;;
9,20E-3;-1,40E-2;-1,80E-2;;;;;;;;;;;;;;
9,24E-3;-1,00E-2;-1,80E-2;;;;;;;;;;;;;;
9,28E-3;-1,40E-2;-1,80E-2;;;;;;;;;;;;;;
9,32E-3;-1,00E-2;-1,80E-2;;;;;;;;;;;;;;
9,36E-3;-1,00E-2;-1,80E-2;;;;;;;;;;;;;;
9,40E-3;-1,40E-2;-1,80E-2;;;;;;;;;;;;;;
9,44E-3;-1,00E-2;-1,40E-2;;;;;;;;;;;;;;
9,48E-3;-1,40E-2;-1,80E-2;;;;;;;;;;;;;;
9,52E-3;-1,00E-2;-1,40E-2;;;;;;;;;;;;;;
9,56E-3;-6,00E-3;-1,40E-2;;;;;;;;;;;;;;
9,60E-3;-1,00E-2;-1,80E-2;;;;;;;;;;;;;;
9,64E-3;-1,00E-2;-1,40E-2;;;;;;;;;;;;;;
9,68E-3;-1,00E-2;-1,40E-2;;;;;;;;;;;;;;
9,72E-3;-1,40E-2;-1,40E-2;;;;;;;;;;;;;;
9,76E-3;-1,00E-2;-1,00E-2;;;;;;;;;;;;;;
9,80E-3;-6,00E-3;-6,00E-3;;;;;;;;;;;;;;
9,84E-3;-6,00E-3;-6,00E-3;;;;;;;;;;;;;;
9,88E-3;-6,00E-3;-1,00E-2;;;;;;;;;;;;;;
9,92E-3;-6,00E-3;-6,00E-3;;;;;;;;;;;;;;
9,96E-3;-2,00E-3;-2,00E-3;;;;;;;;;;;;;;
1,00E-2;-6,00E-3;-2,00E-3;;;;;;;;;;;;;;
1,00E-2;-2,00E-3;-2,00E-3;;;;;;;;;;;;;;
1,01E-2;-2,00E-3;2,00E-3;;;;;;;;;;;;;;
1,01E-2;-6,00E-3;-6,00E-3;;;;;;;;;;;;;;
1,02E-2;-6,00E-3;-2,00E-3;;;;;;;;;;;;;;
1,02E-2;-2,00E-3;2,00E-3;;;;;;;;;;;;;;
1,02E-2;-2,00E-3;2,00E-3;;;;;;;;;;;;;;
1,03E-2;-2,00E-3;2,00E-3;;;;;;;;;;;;;;
1,03E-2;-2,00E-3;2,00E-3;;;;;;;;;;;;;;
1,04E-2;-2,00E-3;2,00E-3;;;;;;;;;;;;;;
1,04E-2;-2,00E-3;4,00E-3;;;;;;;;;;;;;;
1,04E-2;2,00E-3;2,00E-3;;;;;;;;;;;;;;
1,05E-2;2,00E-3;4,00E-3;;;;;;;;;;;;;;
1,05E-2;-2,00E-3;-2,00E-3;;;;;;;;;;;;;;
1,06E-2;-2,00E-3;2,00E-3;;;;;;;;;;;;;;
1,06E-2;-2,00E-3;2,00E-3;;;;;;;;;;;;;;
1,06E-2;-6,00E-3;-2,00E-3;;;;;;;;;;;;;;
1,07E-2;-6,00E-3;-1,00E-2;;;;;;;;;;;;;;
1,07E-2;-2,00E-3;-6,00E-3;;;;;;;;;;;;;;
1,08E-2;-1,00E-2;-1,40E-2;;;;;;;;;;;;;;
1,08E-2;-1,40E-2;-1,40E-2;;;;;;;;;;;;;;
1,08E-2;-1,80E-2;-1,80E-2;;;;;;;;;;;;;;
1,09E-2;-1,80E-2;-2,00E-2;;;;;;;;;;;;;;
1,09E-2;-1,80E-2;-2,00E-2;;;;;;;;;;;;;;
1,10E-2;-1,80E-2;-2,40E-2;;;;;;;;;;;;;;
1,10E-2;-1,80E-2;-2,40E-2;;;;;;;;;;;;;;
1,10E-2;-1,40E-2;-2,40E-2;;;;;;;;;;;;;;
1,11E-2;-2,00E-2;-2,80E-2;;;;;;;;;;;;;;
1,11E-2;-1,00E-2;-1,80E-2;;;;;;;;;;;;;;
1,12E-2;-2,00E-2;-2,80E-2;;;;;;;;;;;;;;
1,12E-2;-2,00E-2;-2,80E-2;;;;;;;;;;;;;;
1,12E-2;-2,00E-2;-2,80E-2;;;;;;;;;;;;;;
1,13E-2;-2,40E-2;-3,20E-2;;;;;;;;;;;;;;
1,13E-2;-2,40E-2;-3,20E-2;;;;;;;;;;;;;;
1,14E-2;-2,00E-2;-3,20E-2;;;;;;;;;;;;;;
1,14E-2;-2,40E-2;-3,20E-2;;;;;;;;;;;;;;
1,14E-2;-2,80E-2;-3,20E-2;;;;;;;;;;;;;;
1,15E-2;-2,40E-2;-3,20E-2;;;;;;;;;;;;;;
1,15E-2;-2,80E-2;-3,20E-2;;;;;;;;;;;;;;
1,16E-2;-2,40E-2;-2,80E-2;;;;;;;;;;;;;;
1,16E-2;-2,40E-2;-2,80E-2;;;;;;;;;;;;;;
1,16E-2;-2,40E-2;-2,80E-2;;;;;;;;;;;;;;
1,17E-2;-2,40E-2;-2,80E-2;;;;;;;;;;;;;;
1,17E-2;-2,40E-2;-2,80E-2;;;;;;;;;;;;;;
1,18E-2;-2,80E-2;-2,40E-2;;;;;;;;;;;;;;
1,18E-2;-2,00E-2;-2,00E-2;;;;;;;;;;;;;;
1,18E-2;-2,00E-2;-2,00E-2;;;;;;;;;;;;;;
1,19E-2;-1,80E-2;-2,00E-2;;;;;;;;;;;;;;
1,19E-2;-2,00E-2;-2,00E-2;;;;;;;;;;;;;;
1,20E-2;-1,80E-2;-2,00E-2;;;;;;;;;;;;;;
1,20E-2;-1,80E-2;-2,00E-2;;;;;;;;;;;;;;
1,20E-2;-1,80E-2;-1,80E-2;;;;;;;;;;;;;;
1,21E-2;-1,80E-2;-1,40E-2;;;;;;;;;;;;;;
1,21E-2;-1,40E-2;-1,40E-2;;;;;;;;;;;;;;
1,22E-2;-1,80E-2;-1,80E-2;;;;;;;;;;;;;;
1,22E-2;-1,80E-2;-1,80E-2;;;;;;;;;;;;;;
1,22E-2;-1,80E-2;-1,40E-2;;;;;;;;;;;;;;
1,23E-2;-1,40E-2;-1,00E-2;;;;;;;;;;;;;;
1,23E-2;-1,80E-2;-1,40E-2;;;;;;;;;;;;;;
1,24E-2;-1,40E-2;-1,40E-2;;;;;;;;;;;;;;
1,24E-2;-1,80E-2;-1,40E-2;;;;;;;;;;;;;;
1,24E-2;-1,80E-2;-1,40E-2;;;;;;;;;;;;;;
1,25E-2;-1,80E-2;-1,40E-2;;;;;;;;;;;;;;
1,25E-2;-1,40E-2;-1,40E-2;;;;;;;;;;;;;;
1,26E-2;-1,80E-2;-1,40E-2;;;;;;;;;;;;;;
1,26E-2;-1,80E-2;-1,80E-2;;;;;;;;;;;;;;
1,26E-2;-1,80E-2;-1,40E-2;;;;;;;;;;;;;;
1,27E-2;-6,00E-3;-6,00E-3;;;;;;;;;;;;;;
1,27E-2;-1,80E-2;-1,80E-2;;;;;;;;;;;;;;
1,28E-2;-1,40E-2;-1,80E-2;;;;;;;;;;;;;;
1,28E-2;-1,40E-2;-1,80E-2;;;;;;;;;;;;;;
1,28E-2;-1,80E-2;-2,00E-2;;;;;;;;;;;;;;
1,29E-2;-1,80E-2;-2,00E-2;;;;;;;;;;;;;;
1,29E-2;-1,80E-2;-2,00E-2;;;;;;;;;;;;;;
1,30E-2;-1,80E-2;-2,40E-2;;;;;;;;;;;;;;
1,30E-2;-1,80E-2;-2,00E-2;;;;;;;;;;;;;;
1,30E-2;-1,80E-2;-2,00E-2;;;;;;;;;;;;;;
1,31E-2;-1,80E-2;-2,00E-2;;;;;;;;;;;;;;
1,31E-2;-1,40E-2;-2,00E-2;;;;;;;;;;;;;;
1,32E-2;-1,80E-2;-2,00E-2;;;;;;;;;;;;;;
1,32E-2;-6,00E-3;-1,40E-2;;;;;;;;;;;;;;
1,32E-2;-1,80E-2;-2,40E-2;;;;;;;;;;;;;;
1,33E-2;-2,00E-2;-2,80E-2;;;;;;;;;;;;;;
1,33E-2;-1,80E-2;-2,40E-2;;;;;;;;;;;;;;
1,34E-2;-1,80E-2;-2,40E-2;;;;;;;;;;;;;;
1,34E-2;-1,80E-2;-2,40E-2;;;;;;;;;;;;;;
1,34E-2;-1,80E-2;-2,00E-2;;;;;;;;;;;;;;
1,35E-2;-1,80E-2;-2,00E-2;;;;;;;;;;;;;;
1,35E-2;-1,80E-2;-2,00E-2;;;;;;;;;;;;;;
1,36E-2;-1,80E-2;-2,00E-2;;;;;;;;;;;;;;
1,36E-2;-1,80E-2;-2,00E-2;;;;;;;;;;;;;;
1,36E-2;-1,00E-2;-1,40E-2;;;;;;;;;;;;;;
1,37E-2;-1,40E-2;-1,40E-2;;;;;;;;;;;;;;
1,37E-2;-1,80E-2;-1,80E-2;;;;;;;;;;;;;;
1,38E-2;-1,40E-2;-1,80E-2;;;;;;;;;;;;;;
1,38E-2;-1,00E-2;-1,40E-2;;;;;;;;;;;;;;
1,38E-2;-1,40E-2;-1,40E-2;;;;;;;;;;;;;;
1,39E-2;-1,00E-2;-1,00E-2;;;;;;;;;;;;;;
1,39E-2;-1,00E-2;-1,00E-2;;;;;;;;;;;;;;
1,40E-2;-1,00E-2;-6,00E-3;;;;;;;;;;;;;;
1,40E-2;-1,00E-2;-1,00E-2;;;;;;;;;;;;;;
1,40E-2;-1,00E-2;-6,00E-3;;;;;;;;;;;;;;
1,41E-2;-2,00E-3;2,00E-3;;;;;;;;;;;;;;
1,41E-2;-6,00E-3;-2,00E-3;;;;;;;;;;;;;;
1,42E-2;-6,00E-3;-6,00E-3;;;;;;;;;;;;;;
1,42E-2;-2,00E-3;-2,00E-3;;;;;;;;;;;;;;
1,42E-2;-6,00E-3;-2,00E-3;;;;;;;;;;;;;;
1,43E-2;-6,00E-3;-2,00E-3;;;;;;;;;;;;;;
1,43E-2;2,00E-3;4,00E-3;;;;;;;;;;;;;;
1,44E-2;-2,00E-3;2,00E-3;;;;;;;;;;;;;;
1,44E-2;-2,00E-3;4,00E-3;;;;;;;;;;;;;;
1,44E-2;-2,00E-3;2,00E-3;;;;;;;;;;;;;;
1,45E-2;-2,00E-3;4,00E-3;;;;;;;;;;;;;;
1,45E-2;-2,00E-3;-2,00E-3;;;;;;;;;;;;;;
1,46E-2;2,00E-3;4,00E-3;;;;;;;;;;;;;;
1,46E-2;2,00E-3;2,00E-3;;;;;;;;;;;;;;
1,46E-2;-2,00E-3;-2,00E-3;;;;;;;;;;;;;;
1,47E-2;-2,00E-3;-2,00E-3;;;;;;;;;;;;;;
1,47E-2;2,00E-3;2,00E-3;;;;;;;;;;;;;;
1,48E-2;-2,00E-3;-2,00E-3;;;;;;;;;;;;;;
1,48E-2;-2,00E-3;-2,00E-3;;;;;;;;;;;;;;
1,48E-2;-6,00E-3;4,00E-3;;;;;;;;;;;;;;
1,49E-2;-2,00E-3;-6,00E-3;;;;;;;;;;;;;;
1,49E-2;-1,00E-2;-6,00E-3;;;;;;;;;;;;;;
1,50E-2;-2,00E-3;-1,00E-2;;;;;;;;;;;;;;
1,50E-2;-6,00E-3;-1,00E-2;;;;;;;;;;;;;;
1,50E-2;-6,00E-3;-1,00E-2;;;;;;;;;;;;;;
1,51E-2;-6,00E-3;-1,40E-2;;;;;;;;;;;;;;
1,51E-2;-1,00E-2;-1,80E-2;;;;;;;;;;;;;;
1,52E-2;-6,00E-3;-1,40E-2;;;;;;;;;;;;;;
1,52E-2;-6,00E-3;-1,00E-2;;;;;;;;;;;;;;
1,52E-2;-2,00E-3;-1,00E-2;;;;;;;;;;;;;;
1,53E-2;-6,00E-3;-1,00E-2;;;;;;;;;;;;;;
1,53E-2;-1,00E-2;-1,80E-2;;;;;;;;;;;;;;
1,54E-2;-6,00E-3;-1,40E-2;;;;;;;;;;;;;;
1,54E-2;-1,40E-2;-2,40E-2;;;;;;;;;;;;;;
1,54E-2;-6,00E-3;-1,40E-2;;;;;;;;;;;;;;
1,55E-2;-1,00E-2;-2,40E-2;;;;;;;;;;;;;;
1,55E-2;-1,40E-2;-1,40E-2;;;;;;;;;;;;;;
1,56E-2;-2,00E-3;-1,00E-2;;;;;;;;;;;;;;
1,56E-2;-2,00E-3;-6,00E-3;;;;;;;;;;;;;;
1,56E-2;-2,00E-3;-6,00E-3;;;;;;;;;;;;;;
1,57E-2;-6,00E-3;-6,00E-3;;;;;;;;;;;;;;
1,57E-2;-2,00E-3;-6,00E-3;;;;;;;;;;;;;;
1,58E-2;-2,00E-3;-2,00E-3;;;;;;;;;;;;;;
1,58E-2;-2,00E-3;-2,00E-3;;;;;;;;;;;;;;
1,58E-2;2,00E-3;-6,00E-3;;;;;;;;;;;;;;
1,59E-2;2,00E-3;2,00E-3;;;;;;;;;;;;;;
1,59E-2;2,00E-3;-2,00E-3;;;;;;;;;;;;;;
1,60E-2;2,00E-3;2,00E-3;;;;;;;;;;;;;;
1,60E-2;2,00E-3;2,00E-3;;;;;;;;;;;;;;
1,60E-2;-1,00E-2;-6,00E-3;;;;;;;;;;;;;;
1,61E-2;2,00E-3;4,00E-3;;;;;;;;;;;;;;
1,61E-2;2,00E-3;4,00E-3;;;;;;;;;;;;;;
1,62E-2;2,00E-3;4,00E-3;;;;;;;;;;;;;;
1,62E-2;-6,00E-3;-2,00E-3;;;;;;;;;;;;;;
1,62E-2;4,00E-3;8,00E-3;;;;;;;;;;;;;;
1,63E-2;1,20E-2;1,60E-2;;;;;;;;;;;;;;
1,63E-2;4,00E-3;8,00E-3;;;;;;;;;;;;;;
1,64E-2;4,00E-3;8,00E-3;;;;;;;;;;;;;;
1,64E-2;8,00E-3;1,20E-2;;;;;;;;;;;;;;
1,64E-2;2,00E-3;4,00E-3;;;;;;;;;;;;;;
1,65E-2;4,00E-3;8,00E-3;;;;;;;;;;;;;;
1,65E-2;8,00E-3;8,00E-3;;;;;;;;;;;;;;
1,66E-2;2,00E-3;4,00E-3;;;;;;;;;;;;;;
1,66E-2;4,00E-3;4,00E-3;;;;;;;;;;;;;;
1,66E-2;2,00E-3;4,00E-3;;;;;;;;;;;;;;
1,67E-2;2,00E-3;2,00E-3;;;;;;;;;;;;;;
1,67E-2;2,00E-3;2,00E-3;;;;;;;;;;;;;;
1,68E-2;2,00E-3;2,00E-3;;;;;;;;;;;;;;
1,68E-2;-2,00E-3;-2,00E-3;;;;;;;;;;;;;;
1,68E-2;-2,00E-3;-2,00E-3;;;;;;;;;;;;;;
1,69E-2;-2,00E-3;-6,00E-3;;;;;;;;;;;;;;
1,69E-2;2,00E-3;-2,00E-3;;;;;;;;;;;;;;
1,70E-2;-2,00E-3;-6,00E-3;;;;;;;;;;;;;;
1,70E-2;-6,00E-3;-1,00E-2;;;;;;;;;;;;;;
1,70E-2;2,00E-3;-2,00E-3;;;;;;;;;;;;;;
1,71E-2;-6,00E-3;-1,00E-2;;;;;;;;;;;;;;
1,71E-2;-2,00E-3;-1,00E-2;;;;;;;;;;;;;;
1,72E-2;-2,00E-3;-6,00E-3;;;;;;;;;;;;;;
1,72E-2;-2,00E-3;-1,00E-2;;;;;;;;;;;;;;
1,72E-2;-6,00E-3;-1,40E-2;;;;;;;;;;;;;;
1,73E-2;-6,00E-3;-1,00E-2;;;;;;;;;;;;;;
1,73E-2;-6,00E-3;-1,40E-2;;;;;;;;;;;;;;
1,74E-2;-1,00E-2;-1,40E-2;;;;;;;;;;;;;;
1,74E-2;-6,00E-3;-1,00E-2;;;;;;;;;;;;;;
1,74E-2;-6,00E-3;-1,00E-2;;;;;;;;;;;;;;
1,75E-2;-2,00E-3;-1,00E-2;;;;;;;;;;;;;;
1,75E-2;-2,00E-3;-2,00E-3;;;;;;;;;;;;;;
1,76E-2;-2,00E-3;-6,00E-3;;;;;;;;;;;;;;
1,76E-2;-2,00E-3;-6,00E-3;;;;;;;;;;;;;;
1,76E-2;-2,00E-3;-6,00E-3;;;;;;;;;;;;;;
1,77E-2;-2,00E-3;-2,00E-3;;;;;;;;;;;;;;
1,77E-2;-2,00E-3;-6,00E-3;;;;;;;;;;;;;;
1,78E-2;-2,00E-3;-2,00E-3;;;;;;;;;;;;;;
1,78E-2;-2,00E-3;-2,00E-3;;;;;;;;;;;;;;
1,78E-2;-2,00E-3;-2,00E-3;;;;;;;;;;;;;;
1,79E-2;-2,00E-3;2,00E-3;;;;;;;;;;;;;;
1,79E-2;2,00E-3;2,00E-3;;;;;;;;;;;;;;
1,80E-2;-2,00E-3;2,00E-3;;;;;;;;;;;;;;
1,80E-2;2,00E-3;2,00E-3;;;;;;;;;;;;;;
1,80E-2;4,00E-3;4,00E-3;;;;;;;;;;;;;;
1,81E-2;2,00E-3;4,00E-3;;;;;;;;;;;;;;
1,81E-2;2,00E-3;4,00E-3;;;;;;;;;;;;;;
1,82E-2;4,00E-3;8,00E-3;;;;;;;;;;;;;;
1,82E-2;2,00E-3;8,00E-3;;;;;;;;;;;;;;
1,82E-2;4,00E-3;8,00E-3;;;;;;;;;;;;;;
1,83E-2;4,00E-3;8,00E-3;;;;;;;;;;;;;;
1,83E-2;8,00E-3;1,20E-2;;;;;;;;;;;;;;
1,84E-2;4,00E-3;8,00E-3;;;;;;;;;;;;;;
1,84E-2;4,00E-3;8,00E-3;;;;;;;;;;;;;;
1,84E-2;4,00E-3;8,00E-3;;;;;;;;;;;;;;
1,85E-2;-2,00E-3;2,00E-3;;;;;;;;;;;;;;
1,85E-2;4,00E-3;4,00E-3;;;;;;;;;;;;;;
1,86E-2;4,00E-3;4,00E-3;;;;;;;;;;;;;;
1,86E-2;4,00E-3;8,00E-3;;;;;;;;;;;;;;
1,86E-2;2,00E-3;4,00E-3;;;;;;;;;;;;;;
1,87E-2;2,00E-3;4,00E-3;;;;;;;;;;;;;;
1,87E-2;2,00E-3;2,00E-3;;;;;;;;;;;;;;
1,88E-2;2,00E-3;2,00E-3;;;;;;;;;;;;;;
1,88E-2;2,00E-3;2,00E-3;;;;;;;;;;;;;;
1,88E-2;2,00E-3;-2,00E-3;;;;;;;;;;;;;;
1,89E-2;-2,00E-3;-6,00E-3;;;;;;;;;;;;;;
1,89E-2;-2,00E-3;-6,00E-3;;;;;;;;;;;;;;
1,90E-2;-2,00E-3;-2,00E-3;;;;;;;;;;;;;;
1,90E-2;-2,00E-3;-1,00E-2;;;;;;;;;;;;;;
1,90E-2;-2,00E-3;-6,00E-3;;;;;;;;;;;;;;
1,91E-2;-2,00E-3;-6,00E-3;;;;;;;;;;;;;;
1,91E-2;-2,00E-3;-1,00E-2;;;;;;;;;;;;;;
1,92E-2;-6,00E-3;-1,00E-2;;;;;;;;;;;;;;
1,92E-2;-2,00E-3;-1,00E-2;;;;;;;;;;;;;;
1,92E-2;-2,00E-3;-1,00E-2;;;;;;;;;;;;;;
1,93E-2;-6,00E-3;-1,40E-2;;;;;;;;;;;;;;
1,93E-2;-6,00E-3;-1,40E-2;;;;;;;;;;;;;;
1,94E-2;-2,00E-3;-1,00E-2;;;;;;;;;;;;;;
1,94E-2;-1,00E-2;-1,40E-2;;;;;;;;;;;;;;
1,94E-2;-6,00E-3;-1,00E-2;;;;;;;;;;;;;;
1,95E-2;-6,00E-3;-1,00E-2;;;;;;;;;;;;;;
1,95E-2;-6,00E-3;-1,00E-2;;;;;;;;;;;;;;
1,96E-2;-6,00E-3;-1,00E-2;;;;;;;;;;;;;;
1,96E-2;-2,00E-3;-6,00E-3;;;;;;;;;;;;;;
1,96E-2;-6,00E-3;-6,00E-3;;;;;;;;;;;;;;
1,97E-2;-2,00E-3;-6,00E-3;;;;;;;;;;;;;;
1,97E-2;-2,00E-3;-2,00E-3;;;;;;;;;;;;;;
1,98E-2;-2,00E-3;-2,00E-3;;;;;;;;;;;;;;
1,98E-2;-2,00E-3;-2,00E-3;;;;;;;;;;;;;;
1,98E-2;-2,00E-3;-2,00E-3;;;;;;;;;;;;;;
1,99E-2;2,00E-3;4,00E-3;;;;;;;;;;;;;;
1,99E-2;-2,00E-3;2,00E-3;;;;;;;;;;;;;;
2,00E-2;2,00E-3;2,00E-3;;;;;;;;;;;;;;
2,00E-2;2,00E-3;4,00E-3;;;;;;;;;;;;;;
2,00E-2;2,00E-3;2,00E-3;;;;;;;;;;;;;;
2,01E-2;-2,00E-3;4,00E-3;;;;;;;;;;;;;;
2,01E-2;4,00E-3;8,00E-3;;;;;;;;;;;;;;
2,02E-2;2,00E-3;4,00E-3;;;;;;;;;;;;;;
2,02E-2;2,00E-3;8,00E-3;;;;;;;;;;;;;;
2,02E-2;4,00E-3;4,00E-3;;;;;;;;;;;;;;
2,03E-2;2,00E-3;8,00E-3;;;;;;;;;;;;;;
2,03E-2;4,00E-3;8,00E-3;;;;;;;;;;;;;;
2,04E-2;4,00E-3;1,20E-2;;;;;;;;;;;;;;
2,04E-2;4,00E-3;8,00E-3;;;;;;;;;;;;;;
2,04E-2;4,00E-3;8,00E-3;;;;;;;;;;;;;;
2,05E-2;2,00E-3;4,00E-3;;;;;;;;;;;;;;
2,05E-2;4,00E-3;4,00E-3;;;;;;;;;;;;;;
2,06E-2;2,00E-3;2,00E-3;;;;;;;;;;;;;;
2,06E-2;2,00E-3;4,00E-3;;;;;;;;;;;;;;
2,06E-2;4,00E-3;4,00E-3;;;;;;;;;;;;;;
2,07E-2;2,00E-3;2,00E-3;;;;;;;;;;;;;;
2,07E-2;4,00E-3;4,00E-3;;;;;;;;;;;;;;
2,08E-2;8,00E-3;4,00E-3;;;;;;;;;;;;;;
2,08E-2;8,00E-3;8,00E-3;;;;;;;;;;;;;;
2,08E-2;1,20E-2;8,00E-3;;;;;;;;;;;;;;
2,09E-2;8,00E-3;4,00E-3;;;;;;;;;;;;;;
2,09E-2;4,00E-3;4,00E-3;;;;;;;;;;;;;;
2,10E-2;4,00E-3;2,00E-3;;;;;;;;;;;;;;
2,10E-2;8,00E-3;4,00E-3;;;;;;;;;;;;;;
2,10E-2;8,00E-3;4,00E-3;;;;;;;;;;;;;;
2,11E-2;8,00E-3;2,00E-3;;;;;;;;;;;;;;
2,11E-2;8,00E-3;2,00E-3;;;;;;;;;;;;;;
2,12E-2;4,00E-3;-2,00E-3;;;;;;;;;;;;;;
2,12E-2;2,00E-3;-6,00E-3;;;;;;;;;;;;;;
2,12E-2;4,00E-3;2,00E-3;;;;;;;;;;;;;;
2,13E-2;4,00E-3;-2,00E-3;;;;;;;;;;;;;;
2,13E-2;-2,00E-3;-6,00E-3;;;;;;;;;;;;;;
2,14E-2;4,00E-3;-6,00E-3;;;;;;;;;;;;;;
2,14E-2;4,00E-3;-2,00E-3;;;;;;;;;;;;;;
2,14E-2;2,00E-3;-2,00E-3;;;;;;;;;;;;;;
2,15E-2;4,00E-3;2,00E-3;;;;;;;;;;;;;;
2,15E-2;4,00E-3;4,00E-3;;;;;;;;;;;;;;
2,16E-2;8,00E-3;4,00E-3;;;;;;;;;;;;;;
2,16E-2;1,20E-2;8,00E-3;;;;;;;;;;;;;;
2,16E-2;4,00E-3;4,00E-3;;;;;;;;;;;;;;
2,17E-2;8,00E-3;4,00E-3;;;;;;;;;;;;;;
2,17E-2;8,00E-3;8,00E-3;;;;;;;;;;;;;;
2,18E-2;8,00E-3;4,00E-3;;;;;;;;;;;;;;
2,18E-2;1,20E-2;8,00E-3;;;;;;;;;;;;;;
2,18E-2;8,00E-3;8,00E-3;;;;;;;;;;;;;;
2,19E-2;1,20E-2;1,20E-2;;;;;;;;;;;;;;
2,19E-2;1,20E-2;1,60E-2;;;;;;;;;;;;;;
2,20E-2;1,20E-2;1,20E-2;;;;;;;;;;;;;;
2,20E-2;1,20E-2;1,20E-2;;;;;;;;;;;;;;
2,20E-2;1,20E-2;1,60E-2;;;;;;;;;;;;;;
2,21E-2;1,20E-2;1,60E-2;;;;;;;;;;;;;;
2,21E-2;1,60E-2;2,00E-2;;;;;;;;;;;;;;
2,22E-2;1,60E-2;2,00E-2;;;;;;;;;;;;;;
2,22E-2;1,60E-2;2,40E-2;;;;;;;;;;;;;;
2,22E-2;1,60E-2;2,00E-2;;;;;;;;;;;;;;
2,23E-2;2,00E-2;2,40E-2;;;;;;;;;;;;;;
2,23E-2;1,60E-2;2,00E-2;;;;;;;;;;;;;;
2,24E-2;1,60E-2;2,40E-2;;;;;;;;;;;;;;
2,24E-2;2,00E-2;2,40E-2;;;;;;;;;;;;;;
2,24E-2;2,00E-2;2,40E-2;;;;;;;;;;;;;;
2,25E-2;2,00E-2;2,40E-2;;;;;;;;;;;;;;
2,25E-2;1,60E-2;1,60E-2;;;;;;;;;;;;;;
2,26E-2;2,40E-2;2,40E-2;;;;;;;;;;;;;;
2,26E-2;1,60E-2;2,00E-2;;;;;;;;;;;;;;
2,26E-2;1,60E-2;1,60E-2;;;;;;;;;;;;;;
2,27E-2;1,60E-2;1,60E-2;;;;;;;;;;;;;;
2,27E-2;1,20E-2;1,20E-2;;;;;;;;;;;;;;
2,28E-2;1,60E-2;1,60E-2;;;;;;;;;;;;;;
2,28E-2;1,20E-2;1,20E-2;;;;;;;;;;;;;;
2,28E-2;1,20E-2;1,20E-2;;;;;;;;;;;;;;
2,29E-2;1,20E-2;8,00E-3;;;;;;;;;;;;;;
2,29E-2;1,20E-2;8,00E-3;;;;;;;;;;;;;;
2,30E-2;1,20E-2;8,00E-3;;;;;;;;;;;;;;
2,30E-2;8,00E-3;2,00E-3;;;;;;;;;;;;;;
2,30E-2;8,00E-3;4,00E-3;;;;;;;;;;;;;;
2,31E-2;8,00E-3;2,00E-3;;;;;;;;;;;;;;
2,31E-2;2,00E-3;-2,00E-3;;;;;;;;;;;;;;
2,32E-2;4,00E-3;-2,00E-3;;;;;;;;;;;;;;
2,32E-2;4,00E-3;-2,00E-3;;;;;;;;;;;;;;
2,32E-2;4,00E-3;-6,00E-3;;;;;;;;;;;;;;
2,33E-2;2,00E-3;-6,00E-3;;;;;;;;;;;;;;
2,33E-2;2,00E-3;-2,00E-3;;;;;;;;;;;;;;
2,34E-2;2,00E-3;-2,00E-3;;;;;;;;;;;;;;
2,34E-2;2,00E-3;-6,00E-3;;;;;;;;;;;;;;
2,34E-2;2,00E-3;-6,00E-3;;;;;;;;;;;;;;
2,35E-2;4,00E-3;-2,00E-3;;;;;;;;;;;;;;
2,35E-2;2,00E-3;2,00E-3;;;;;;;;;;;;;;
2,36E-2;2,00E-3;-2,00E-3;;;;;;;;;;;;;;
2,36E-2;4,00E-3;-2,00E-3;;;;;;;;;;;;;;
2,36E-2;2,00E-3;-2,00E-3;;;;;;;;;;;;;;
2,37E-2;4,00E-3;2,00E-3;;;;;;;;;;;;;;
2,37E-2;4,00E-3;2,00E-3;;;;;;;;;;;;;;
2,38E-2;2,00E-3;2,00E-3;;;;;;;;;;;;;;
2,38E-2;2,00E-3;2,00E-3;;;;;;;;;;;;;;
2,38E-2;8,00E-3;4,00E-3;;;;;;;;;;;;;;
2,39E-2;1,20E-2;8,00E-3;;;;;;;;;;;;;;
2,39E-2;4,00E-3;4,00E-3;;;;;;;;;;;;;;
2,40E-2;8,00E-3;8,00E-3;;;;;;;;;;;;;;
2,40E-2;4,00E-3;8,00E-3;;;;;;;;;;;;;;
2,40E-2;4,00E-3;8,00E-3;;;;;;;;;;;;;;
2,41E-2;4,00E-3;8,00E-3;;;;;;;;;;;;;;
2,41E-2;4,00E-3;8,00E-3;;;;;;;;;;;;;;
2,42E-2;1,60E-2;1,60E-2;;;;;;;;;;;;;;
2,42E-2;4,00E-3;8,00E-3;;;;;;;;;;;;;;
2,42E-2;4,00E-3;8,00E-3;;;;;;;;;;;;;;
2,43E-2;4,00E-3;8,00E-3;;;;;;;;;;;;;;
2,43E-2;4,00E-3;8,00E-3;;;;;;;;;;;;;;
2,44E-2;8,00E-3;1,20E-2;;;;;;;;;;;;;;
2,44E-2;4,00E-3;1,20E-2;;;;;;;;;;;;;;
2,44E-2;2,00E-3;-6,00E-3;;;;;;;;;;;;;;
2,45E-2;4,00E-3;8,00E-3;;;;;;;;;;;;;;
2,45E-2;2,00E-3;-1,80E-2;;;;;;;;;;;;;;
2,46E-2;4,00E-3;4,00E-3;;;;;;;;;;;;;;
2,46E-2;4,00E-3;2,00E-3;;;;;;;;;;;;;;
2,46E-2;4,00E-3;4,00E-3;;;;;;;;;;;;;;
2,47E-2;1,60E-2;4,00E-3;;;;;;;;;;;;;;
2,47E-2;4,00E-3;2,00E-3;;;;;;;;;;;;;;
2,48E-2;-2,00E-3;2,00E-3;;;;;;;;;;;;;;
2,48E-2;-2,00E-3;-2,00E-3;;;;;;;;;;;;;;
2,48E-2;-2,00E-3;-2,00E-3;;;;;;;;;;;;;;
2,49E-2;2,00E-3;-2,00E-3;;;;;;;;;;;;;;
2,49E-2;-2,00E-3;-6,00E-3;;;;;;;;;;;;;;
2,50E-2;2,40E-2;2,00E-2;;;;;;;;;;;;;;
2,50E-2;-2,00E-3;-6,00E-3;;;;;;;;;;;;;;
2,50E-2;-2,00E-3;-1,40E-2;;;;;;;;;;;;;;
2,51E-2;-6,00E-3;-1,00E-2;;;;;;;;;;;;;;
2,51E-2;-2,00E-3;-6,00E-3;;;;;;;;;;;;;;
2,52E-2;-6,00E-3;-1,40E-2;;;;;;;;;;;;;;
2,52E-2;-1,00E-2;-1,80E-2;;;;;;;;;;;;;;
2,52E-2;-1,00E-2;-1,80E-2;;;;;;;;;;;;;;
2,53E-2;-1,00E-2;-1,40E-2;;;;;;;;;;;;;;
2,53E-2;-1,40E-2;-1,80E-2;;;;;;;;;;;;;;
2,54E-2;-6,00E-3;-1,40E-2;;;;;;;;;;;;;;
2,54E-2;-2,40E-2;-2,80E-2;;;;;;;;;;;;;;
2,54E-2;-1,00E-2;-1,40E-2;;;;;;;;;;;;;;
2,55E-2;-1,00E-2;-1,40E-2;;;;;;;;;;;;;;
2,55E-2;-1,00E-2;-1,40E-2;;;;;;;;;;;;;;
2,56E-2;-1,00E-2;-1,40E-2;;;;;;;;;;;;;;
2,56E-2;-1,00E-2;-1,40E-2;;;;;;;;;;;;;;
2,56E-2;-1,00E-2;-1,40E-2;;;;;;;;;;;;;;
2,57E-2;-1,00E-2;-1,40E-2;;;;;;;;;;;;;;
2,57E-2;-1,00E-2;-1,40E-2;;;;;;;;;;;;;;
2,58E-2;2,60E-2;8,00E-3;;;;;;;;;;;;;;
2,58E-2;-6,00E-3;-1,00E-2;;;;;;;;;;;;;;
2,58E-2;-1,80E-2;-2,00E-2;;;;;;;;;;;;;;
2,59E-2;-6,00E-3;-1,00E-2;;;;;;;;;;;;;;
2,59E-2;-2,00E-3;-6,00E-3;;;;;;;;;;;;;;
2,60E-2;-2,00E-3;-6,00E-3;;;;;;;;;;;;;;
2,60E-2;-6,00E-3;-6,00E-3;;;;;;;;;;;;;;
2,60E-2;-6,00E-3;-6,00E-3;;;;;;;;;;;;;;
2,61E-2;-2,00E-3;-2,00E-3;;;;;;;;;;;;;;
2,61E-2;-6,00E-3;-2,00E-3;;;;;;;;;;;;;;
2,62E-2;2,00E-3;2,00E-3;;;;;;;;;;;;;;
2,62E-2;-2,00E-3;4,00E-3;;;;;;;;;;;;;;
2,62E-2;-2,00E-3;2,00E-3;;;;;;;;;;;;;;
2,63E-2;4,00E-3;8,00E-3;;;;;;;;;;;;;;
2,63E-2;-2,00E-3;4,00E-3;;;;;;;;;;;;;;
2,64E-2;-2,00E-3;2,00E-3;;;;;;;;;;;;;;
2,64E-2;2,00E-3;2,00E-3;;;;;;;;;;;;;;
2,64E-2;-2,00E-3;2,00E-3;;;;;;;;;;;;;;
2,65E-2;-2,00E-3;2,00E-3;;;;;;;;;;;;;;
2,65E-2;-2,00E-3;-2,00E-3;;;;;;;;;;;;;;
2,66E-2;-2,00E-3;-2,00E-3;;;;;;;;;;;;;;
2,66E-2;-2,00E-3;-2,00E-3;;;;;;;;;;;;;;
2,66E-2;-2,00E-3;-6,00E-3;;;;;;;;;;;;;;
2,67E-2;-2,00E-3;-2,00E-3;;;;;;;;;;;;;;
2,67E-2;2,00E-3;2,00E-3;;;;;;;;;;;;;;
2,68E-2;-2,00E-3;-6,00E-3;;;;;;;;;;;;;;
2,68E-2;-2,00E-3;-2,00E-3;;;;;;;;;;;;;;
2,68E-2;-6,00E-3;-1,00E-2;;;;;;;;;;;;;;
2,69E-2;-6,00E-3;-1,00E-2;;;;;;;;;;;;;;
2,69E-2;-6,00E-3;-1,00E-2;;;;;;;;;;;;;;
2,70E-2;-1,00E-2;-1,80E-2;;;;;;;;;;;;;;
2,70E-2;-1,00E-2;-1,40E-2;;;;;;;;;;;;;;
2,70E-2;-1,00E-2;-1,40E-2;;;;;;;;;;;;;;
2,71E-2;-1,00E-2;-1,80E-2;;;;;;;;;;;;;;
2,71E-2;-6,00E-3;-1,40E-2;;;;;;;;;;;;;;
2,72E-2;-1,00E-2;-1,40E-2;;;;;;;;;;;;;;
2,72E-2;-1,40E-2;-2,00E-2;;;;;;;;;;;;;;
2,72E-2;-1,40E-2;-1,80E-2;;;;;;;;;;;;;;
2,73E-2;-1,00E-2;-1,80E-2;;;;;;;;;;;;;;
2,73E-2;-1,00E-2;-1,80E-2;;;;;;;;;;;;;;
2,74E-2;-1,40E-2;-2,00E-2;;;;;;;;;;;;;;
2,74E-2;-1,00E-2;-1,80E-2;;;;;;;;;;;;;;
2,74E-2;-1,40E-2;-1,80E-2;;;;;;;;;;;;;;
2,75E-2;-1,00E-2;-1,80E-2;;;;;;;;;;;;;;
2,75E-2;-1,00E-2;-1,80E-2;;;;;;;;;;;;;;
2,76E-2;-1,00E-2;-1,40E-2;;;;;;;;;;;;;;
2,76E-2;-1,40E-2;-1,80E-2;;;;;;;;;;;;;;
2,76E-2;-1,40E-2;-1,40E-2;;;;;;;;;;;;;;
2,77E-2;-1,00E-2;-1,40E-2;;;;;;;;;;;;;;
2,77E-2;-1,00E-2;-1,00E-2;;;;;;;;;;;;;;
2,78E-2;-1,00E-2;-1,00E-2;;;;;;;;;;;;;;
2,78E-2;-1,00E-2;-6,00E-3;;;;;;;;;;;;;;
2,78E-2;-1,00E-2;-1,00E-2;;;;;;;;;;;;;;
2,79E-2;-1,00E-2;-1,00E-2;;;;;;;;;;;;;;
2,79E-2;-1,00E-2;-6,00E-3;;;;;;;;;;;;;;
2,80E-2;-2,00E-3;-2,00E-3;;;;;;;;;;;;;;
2,80E-2;-1,00E-2;-6,00E-3;;;;;;;;;;;;;;
2,80E-2;-2,00E-3;-2,00E-3;;;;;;;;;;;;;;
2,81E-2;-2,00E-3;-2,00E-3;;;;;;;;;;;;;;
2,81E-2;-6,00E-3;-6,00E-3;;;;;;;;;;;;;;
2,82E-2;-2,00E-3;-2,00E-3;;;;;;;;;;;;;;
2,82E-2;-2,00E-3;2,00E-3;;;;;;;;;;;;;;
2,82E-2;-2,00E-3;2,00E-3;;;;;;;;;;;;;;
2,83E-2;-2,00E-3;2,00E-3;;;;;;;;;;;;;;
2,83E-2;-2,00E-3;2,00E-3;;;;;;;;;;;;;;
2,84E-2;-2,00E-3;2,00E-3;;;;;;;;;;;;;;
2,84E-2;-2,00E-3;2,00E-3;;;;;;;;;;;;;;
2,84E-2;-2,00E-3;2,00E-3;;;;;;;;;;;;;;
2,85E-2;-2,00E-3;-2,00E-3;;;;;;;;;;;;;;
2,85E-2;-2,00E-3;-2,00E-3;;;;;;;;;;;;;;
2,86E-2;-2,00E-3;-2,00E-3;;;;;;;;;;;;;;
2,86E-2;-2,00E-3;-2,00E-3;;;;;;;;;;;;;;
2,86E-2;-2,00E-3;-2,00E-3;;;;;;;;;;;;;;
2,87E-2;-2,00E-3;-2,00E-3;;;;;;;;;;;;;;
2,87E-2;-2,00E-3;-2,00E-3;;;;;;;;;;;;;;
2,88E-2;-2,00E-3;-6,00E-3;;;;;;;;;;;;;;
2,88E-2;-1,00E-2;-1,00E-2;;;;;;;;;;;;;;
2,88E-2;-6,00E-3;-6,00E-3;;;;;;;;;;;;;;
2,89E-2;-6,00E-3;-1,00E-2;;;;;;;;;;;;;;
2,89E-2;-6,00E-3;-1,00E-2;;;;;;;;;;;;;;
2,90E-2;-6,00E-3;-1,40E-2;;;;;;;;;;;;;;
2,90E-2;-1,00E-2;-1,80E-2;;;;;;;;;;;;;;
2,90E-2;-1,00E-2;-1,40E-2;;;;;;;;;;;;;;
2,91E-2;-1,00E-2;-1,40E-2;;;;;;;;;;;;;;
2,91E-2;-6,00E-3;-1,40E-2;;;;;;;;;;;;;;
2,92E-2;-6,00E-3;-1,80E-2;;;;;;;;;;;;;;
2,92E-2;-1,00E-2;-1,80E-2;;;;;;;;;;;;;;
2,92E-2;-1,00E-2;-1,80E-2;;;;;;;;;;;;;;
2,93E-2;-1,00E-2;-1,80E-2;;;;;;;;;;;;;;
2,93E-2;-1,40E-2;-1,80E-2;;;;;;;;;;;;;;
2,94E-2;-1,00E-2;-1,80E-2;;;;;;;;;;;;;;
2,94E-2;-1,40E-2;-1,80E-2;;;;;;;;;;;;;;
2,94E-2;-1,40E-2;-2,00E-2;;;;;;;;;;;;;;
2,95E-2;-1,40E-2;-1,80E-2;;;;;;;;;;;;;;
2,95E-2;-1,40E-2;-1,40E-2;;;;;;;;;;;;;;
2,96E-2;-1,00E-2;-1,80E-2;;;;;;;;;;;;;;
2,96E-2;-1,00E-2;-1,40E-2;;;;;;;;;;;;;;
2,96E-2;-1,00E-2;-1,40E-2;;;;;;;;;;;;;;
2,97E-2;-1,40E-2;-1,80E-2;;;;;;;;;;;;;;
2,97E-2;-1,00E-2;-1,80E-2;;;;;;;;;;;;;;
2,98E-2;-6,00E-3;-1,00E-2;;;;;;;;;;;;;;
2,98E-2;-6,00E-3;-1,00E-2;;;;;;;;;;;;;;
2,98E-2;-1,00E-2;-1,40E-2;;;;;;;;;;;;;;
2,99E-2;-2,00E-3;-6,00E-3;;;;;;;;;;;;;;
2,99E-2;-1,00E-2;-6,00E-3;;;;;;;;;;;;;;
3,00E-2;-6,00E-3;-6,00E-3;;;;;;;;;;;;;;
3,00E-2;-2,00E-3;-2,00E-3;;;;;;;;;;;;;;
3,00E-2;-2,00E-3;-2,00E-3;;;;;;;;;;;;;;
3,01E-2;-2,00E-3;-2,00E-3;;;;;;;;;;;;;;
3,01E-2;-6,00E-3;-6,00E-3;;;;;;;;;;;;;;
3,02E-2;-2,00E-3;2,00E-3;;;;;;;;;;;;;;
3,02E-2;-2,00E-3;2,00E-3;;;;;;;;;;;;;;
3,02E-2;-2,00E-3;2,00E-3;;;;;;;;;;;;;;
3,03E-2;2,00E-3;2,00E-3;;;;;;;;;;;;;;
3,03E-2;-2,00E-3;4,00E-3;;;;;;;;;;;;;;
3,04E-2;-2,00E-3;2,00E-3;;;;;;;;;;;;;;
3,04E-2;2,00E-3;4,00E-3;;;;;;;;;;;;;;
3,04E-2;-2,00E-3;2,00E-3;;;;;;;;;;;;;;
3,05E-2;-2,00E-3;2,00E-3;;;;;;;;;;;;;;
3,05E-2;2,00E-3;2,00E-3;;;;;;;;;;;;;;
3,06E-2;-2,00E-3;-2,00E-3;;;;;;;;;;;;;;
3,06E-2;-2,00E-3;-2,00E-3;;;;;;;;;;;;;;
3,06E-2;-2,00E-3;-2,00E-3;;;;;;;;;;;;;;
3,07E-2;-6,00E-3;-6,00E-3;;;;;;;;;;;;;;
3,07E-2;-6,00E-3;-1,00E-2;;;;;;;;;;;;;;
3,08E-2;-1,00E-2;-1,40E-2;;;;;;;;;;;;;;
3,08E-2;-1,80E-2;-1,80E-2;;;;;;;;;;;;;;
3,08E-2;-1,40E-2;-2,00E-2;;;;;;;;;;;;;;
3,09E-2;-1,80E-2;-2,00E-2;;;;;;;;;;;;;;
3,09E-2;-1,80E-2;-2,00E-2;;;;;;;;;;;;;;
3,10E-2;-1,80E-2;-2,00E-2;;;;;;;;;;;;;;
3,10E-2;-2,40E-2;-2,80E-2;;;;;;;;;;;;;;
3,10E-2;-2,00E-2;-2,80E-2;;;;;;;;;;;;;;
3,11E-2;-2,80E-2;-3,20E-2;;;;;;;;;;;;;;
3,11E-2;-2,00E-2;-2,80E-2;;;;;;;;;;;;;;
3,12E-2;-2,00E-2;-2,40E-2;;;;;;;;;;;;;;
3,12E-2;-2,40E-2;-2,80E-2;;;;;;;;;;;;;;
3,12E-2;-2,40E-2;-2,80E-2;;;;;;;;;;;;;;
3,13E-2;-2,40E-2;-3,20E-2;;;;;;;;;;;;;;
3,13E-2;-2,80E-2;-3,20E-2;;;;;;;;;;;;;;
3,14E-2;-1,80E-2;-2,00E-2;;;;;;;;;;;;;;
3,14E-2;-2,40E-2;-2,80E-2;;;;;;;;;;;;;;
3,14E-2;-2,40E-2;-3,20E-2;;;;;;;;;;;;;;
3,15E-2;-2,80E-2;-3,20E-2;;;;;;;;;;;;;;
3,15E-2;-2,40E-2;-2,80E-2;;;;;;;;;;;;;;
3,16E-2;-2,00E-2;-2,80E-2;;;;;;;;;;;;;;
3,16E-2;-2,40E-2;-2,80E-2;;;;;;;;;;;;;;
3,16E-2;-2,40E-2;-2,80E-2;;;;;;;;;;;;;;
3,17E-2;-2,40E-2;-2,80E-2;;;;;;;;;;;;;;
3,17E-2;-2,80E-2;-3,20E-2;;;;;;;;;;;;;;
3,18E-2;-1,80E-2;-2,00E-2;;;;;;;;;;;;;;
3,18E-2;-2,00E-2;-2,00E-2;;;;;;;;;;;;;;
3,18E-2;-2,00E-2;-2,00E-2;;;;;;;;;;;;;;
3,19E-2;-2,00E-2;-2,00E-2;;;;;;;;;;;;;;
3,19E-2;-2,00E-2;-2,00E-2;;;;;;;;;;;;;;
3,20E-2;-2,00E-2;-1,80E-2;;;;;;;;;;;;;;
3,20E-2;-1,80E-2;-1,80E-2;;;;;;;;;;;;;;
3,20E-2;-1,80E-2;-1,80E-2;;;;;;;;;;;;;;
3,21E-2;-1,80E-2;-1,80E-2;;;;;;;;;;;;;;
3,21E-2;-1,80E-2;-1,80E-2;;;;;;;;;;;;;;
3,22E-2;-2,00E-2;-2,00E-2;;;;;;;;;;;;;;
3,22E-2;-1,80E-2;-1,40E-2;;;;;;;;;;;;;;
3,22E-2;-1,80E-2;-1,40E-2;;;;;;;;;;;;;;
3,23E-2;-1,80E-2;-1,40E-2;;;;;;;;;;;;;;
3,23E-2;-1,80E-2;-1,80E-2;;;;;;;;;;;;;;
3,24E-2;-1,80E-2;-1,40E-2;;;;;;;;;;;;;;
3,24E-2;-1,80E-2;-1,40E-2;;;;;;;;;;;;;;
3,24E-2;-1,40E-2;-1,40E-2;;;;;;;;;;;;;;
3,25E-2;-1,80E-2;-1,80E-2;;;;;;;;;;;;;;
3,25E-2;-1,40E-2;-1,40E-2;;;;;;;;;;;;;;
3,26E-2;-1,40E-2;-1,40E-2;;;;;;;;;;;;;;
3,26E-2;-1,40E-2;-1,40E-2;;;;;;;;;;;;;;
3,26E-2;-1,80E-2;-1,40E-2;;;;;;;;;;;;;;
3,27E-2;-1,40E-2;-1,40E-2;;;;;;;;;;;;;;
3,27E-2;-1,00E-2;-1,40E-2;;;;;;;;;;;;;;
3,28E-2;-1,40E-2;-1,80E-2;;;;;;;;;;;;;;
3,28E-2;-1,80E-2;-1,80E-2;;;;;;;;;;;;;;
3,28E-2;-1,80E-2;-1,80E-2;;;;;;;;;;;;;;
3,29E-2;-1,80E-2;-2,00E-2;;;;;;;;;;;;;;
3,29E-2;-1,80E-2;-2,00E-2;;;;;;;;;;;;;;
3,30E-2;-1,40E-2;-1,80E-2;;;;;;;;;;;;;;
3,30E-2;-2,00E-3;-6,00E-3;;;;;;;;;;;;;;
3,30E-2;-1,80E-2;-2,00E-2;;;;;;;;;;;;;;
3,31E-2;-1,80E-2;-2,00E-2;;;;;;;;;;;;;;
3,31E-2;-1,80E-2;-2,00E-2;;;;;;;;;;;;;;
3,32E-2;-1,40E-2;-2,00E-2;;;;;;;;;;;;;;
3,32E-2;-1,80E-2;-2,40E-2;;;;;;;;;;;;;;
3,32E-2;-1,80E-2;-2,40E-2;;;;;;;;;;;;;;
3,33E-2;-1,80E-2;-2,40E-2;;;;;;;;;;;;;;
3,33E-2;-2,00E-2;-2,80E-2;;;;;;;;;;;;;;
3,34E-2;-1,40E-2;-2,00E-2;;;;;;;;;;;;;;
3,34E-2;-1,80E-2;-2,40E-2;;;;;;;;;;;;;;
3,34E-2;-1,80E-2;-2,40E-2;;;;;;;;;;;;;;
3,35E-2;-1,40E-2;-2,00E-2;;;;;;;;;;;;;;
3,35E-2;-1,80E-2;-2,40E-2;;;;;;;;;;;;;;
3,36E-2;-1,80E-2;-2,00E-2;;;;;;;;;;;;;;
3,36E-2;-1,40E-2;-1,80E-2;;;;;;;;;;;;;;
3,36E-2;-1,40E-2;-2,00E-2;;;;;;;;;;;;;;
3,37E-2;-2,00E-2;-1,80E-2;;;;;;;;;;;;;;
3,37E-2;-1,40E-2;-1,80E-2;;;;;;;;;;;;;;
3,38E-2;-1,40E-2;-1,40E-2;;;;;;;;;;;;;;
3,38E-2;-1,00E-2;-1,00E-2;;;;;;;;;;;;;;
3,38E-2;-1,00E-2;-1,00E-2;;;;;;;;;;;;;;
3,39E-2;-1,00E-2;-1,00E-2;;;;;;;;;;;;;;
3,39E-2;-1,00E-2;-1,00E-2;;;;;;;;;;;;;;
3,40E-2;-6,00E-3;-1,00E-2;;;;;;;;;;;;;;
3,40E-2;-2,00E-3;-2,00E-3;;;;;;;;;;;;;;
3,40E-2;-6,00E-3;-6,00E-3;;;;;;;;;;;;;;
3,41E-2;-6,00E-3;-6,00E-3;;;;;;;;;;;;;;
3,41E-2;-2,00E-3;-2,00E-3;;;;;;;;;;;;;;
3,42E-2;-2,00E-3;-2,00E-3;;;;;;;;;;;;;;
3,42E-2;-2,00E-3;-2,00E-3;;;;;;;;;;;;;;
3,42E-2;-2,00E-3;2,00E-3;;;;;;;;;;;;;;
3,43E-2;-2,00E-3;4,00E-3;;;;;;;;;;;;;;
3,43E-2;-2,00E-3;4,00E-3;;;;;;;;;;;;;;
3,44E-2;-2,00E-3;2,00E-3;;;;;;;;;;;;;;
3,44E-2;-2,00E-3;2,00E-3;;;;;;;;;;;;;;
3,44E-2;2,00E-3;4,00E-3;;;;;;;;;;;;;;
3,45E-2;2,00E-3;4,00E-3;;;;;;;;;;;;;;
3,45E-2;8,00E-3;2,00E-2;;;;;;;;;;;;;;
3,46E-2;-1,00E-2;-2,00E-3;;;;;;;;;;;;;;
3,46E-2;-2,00E-3;-6,00E-3;;;;;;;;;;;;;;
3,46E-2;-2,00E-2;-2,40E-2;;;;;;;;;;;;;;
3,47E-2;-2,00E-3;-2,00E-3;;;;;;;;;;;;;;
3,47E-2;-2,00E-3;2,00E-3;;;;;;;;;;;;;;
3,48E-2;-2,00E-3;-6,00E-3;;;;;;;;;;;;;;
3,48E-2;-1,00E-2;-1,00E-2;;;;;;;;;;;;;;
3,48E-2;-6,00E-3;-6,00E-3;;;;;;;;;;;;;;
3,49E-2;-6,00E-3;-6,00E-3;;;;;;;;;;;;;;
3,49E-2;-6,00E-3;-1,00E-2;;;;;;;;;;;;;;
3,50E-2;-6,00E-3;-1,00E-2;;;;;;;;;;;;;;
3,50E-2;-2,00E-3;-1,00E-2;;;;;;;;;;;;;;
3,50E-2;-6,00E-3;-1,40E-2;;;;;;;;;;;;;;
3,51E-2;-6,00E-3;-1,00E-2;;;;;;;;;;;;;;
3,51E-2;-6,00E-3;-1,00E-2;;;;;;;;;;;;;;
3,52E-2;3,40E-2;1,60E-2;;;;;;;;;;;;;;
3,52E-2;-6,00E-3;-1,40E-2;;;;;;;;;;;;;;
3,52E-2;-1,00E-2;-1,40E-2;;;;;;;;;;;;;;
3,53E-2;-6,00E-3;-1,40E-2;;;;;;;;;;;;;;
3,53E-2;-1,40E-2;-1,40E-2;;;;;;;;;;;;;;
3,54E-2;-6,00E-3;-1,40E-2;;;;;;;;;;;;;;
3,54E-2;-1,00E-2;-1,80E-2;;;;;;;;;;;;;;
3,54E-2;-6,00E-3;-1,40E-2;;;;;;;;;;;;;;
3,55E-2;-6,00E-3;-1,40E-2;;;;;;;;;;;;;;
3,55E-2;-6,00E-3;-1,40E-2;;;;;;;;;;;;;;
3,56E-2;-2,00E-3;-1,00E-2;;;;;;;;;;;;;;
3,56E-2;-2,00E-3;-1,00E-2;;;;;;;;;;;;;;
3,56E-2;-6,00E-3;-1,00E-2;;;;;;;;;;;;;;
3,57E-2;-6,00E-3;-1,00E-2;;;;;;;;;;;;;;
3,57E-2;-6,00E-3;-6,00E-3;;;;;;;;;;;;;;
3,58E-2;-2,00E-2;-2,40E-2;;;;;;;;;;;;;;
3,58E-2;2,00E-3;-2,00E-3;;;;;;;;;;;;;;
3,58E-2;2,00E-3;2,00E-3;;;;;;;;;;;;;;
3,59E-2;2,00E-3;-2,00E-3;;;;;;;;;;;;;;
3,59E-2;2,00E-3;2,00E-3;;;;;;;;;;;;;;
3,60E-2;-2,00E-3;-2,00E-3;;;;;;;;;;;;;;
3,60E-2;2,00E-3;2,00E-3;;;;;;;;;;;;;;
3,60E-2;2,00E-3;2,00E-3;;;;;;;;;;;;;;
3,61E-2;2,00E-3;2,00E-3;;;;;;;;;;;;;;
3,61E-2;4,00E-3;4,00E-3;;;;;;;;;;;;;;
3,62E-2;2,00E-3;4,00E-3;;;;;;;;;;;;;;
3,62E-2;2,00E-3;1,20E-2;;;;;;;;;;;;;;
3,62E-2;2,00E-3;8,00E-3;;;;;;;;;;;;;;
3,63E-2;4,00E-3;1,20E-2;;;;;;;;;;;;;;
3,63E-2;4,00E-3;8,00E-3;;;;;;;;;;;;;;
3,64E-2;4,00E-3;8,00E-3;;;;;;;;;;;;;;
3,64E-2;2,00E-3;4,00E-3;;;;;;;;;;;;;;
3,64E-2;-2,00E-3;4,00E-3;;;;;;;;;;;;;;
3,65E-2;4,00E-3;8,00E-3;;;;;;;;;;;;;;
3,65E-2;4,00E-3;8,00E-3;;;;;;;;;;;;;;
3,66E-2;1,60E-2;1,20E-2;;;;;;;;;;;;;;
3,66E-2;2,00E-3;4,00E-3;;;;;;;;;;;;;;
3,66E-2;2,00E-3;4,00E-3;;;;;;;;;;;;;;
3,67E-2;4,00E-3;4,00E-3;;;;;;;;;;;;;;
3,67E-2;4,00E-3;2,00E-3;;;;;;;;;;;;;;
3,68E-2;2,00E-3;2,00E-3;;;;;;;;;;;;;;
3,68E-2;2,00E-3;2,00E-3;;;;;;;;;;;;;;
3,68E-2;2,00E-3;2,00E-3;;;;;;;;;;;;;;
3,69E-2;-2,00E-3;-6,00E-3;;;;;;;;;;;;;;
3,69E-2;-2,00E-3;-6,00E-3;;;;;;;;;;;;;;
3,70E-2;-2,00E-3;-2,00E-3;;;;;;;;;;;;;;
3,70E-2;-2,00E-3;-6,00E-3;;;;;;;;;;;;;;
3,70E-2;-2,00E-3;-6,00E-3;;;;;;;;;;;;;;
3,71E-2;-2,00E-3;-6,00E-3;;;;;;;;;;;;;;
3,71E-2;-2,00E-3;-1,00E-2;;;;;;;;;;;;;;
3,72E-2;-2,00E-3;-6,00E-3;;;;;;;;;;;;;;
3,72E-2;-2,00E-3;-6,00E-3;;;;;;;;;;;;;;
3,72E-2;-2,00E-3;-1,00E-2;;;;;;;;;;;;;;
3,73E-2;-2,00E-3;-1,00E-2;;;;;;;;;;;;;;
3,73E-2;-6,00E-3;-1,40E-2;;;;;;;;;;;;;;
3,74E-2;-6,00E-3;-1,40E-2;;;;;;;;;;;;;;
3,74E-2;-6,00E-3;-1,00E-2;;;;;;;;;;;;;;
3,74E-2;2,00E-3;-6,00E-3;;;;;;;;;;;;;;
3,75E-2;-2,00E-3;-1,00E-2;;;;;;;;;;;;;;
3,75E-2;-6,00E-3;-1,00E-2;;;;;;;;;;;;;;
3,76E-2;-2,00E-3;-1,00E-2;;;;;;;;;;;;;;
3,76E-2;-2,00E-3;-6,00E-3;;;;;;;;;;;;;;
3,76E-2;-2,00E-3;-6,00E-3;;;;;;;;;;;;;;
3,77E-2;-6,00E-3;-6,00E-3;;;;;;;;;;;;;;
3,77E-2;-2,00E-3;-6,00E-3;;;;;;;;;;;;;;
3,78E-2;-2,00E-3;-6,00E-3;;;;;;;;;;;;;;
3,78E-2;-6,00E-3;-6,00E-3;;;;;;;;;;;;;;
3,78E-2;2,00E-3;2,00E-3;;;;;;;;;;;;;;
3,79E-2;-2,00E-3;2,00E-3;;;;;;;;;;;;;;
3,79E-2;2,00E-3;2,00E-3;;;;;;;;;;;;;;
3,80E-2;2,00E-3;2,00E-3;;;;;;;;;;;;;;
3,80E-2;-2,00E-3;2,00E-3;;;;;;;;;;;;;;
3,80E-2;2,00E-3;4,00E-3;;;;;;;;;;;;;;
3,81E-2;2,00E-3;4,00E-3;;;;;;;;;;;;;;
3,81E-2;4,00E-3;8,00E-3;;;;;;;;;;;;;;
3,82E-2;2,00E-3;4,00E-3;;;;;;;;;;;;;;
3,82E-2;2,00E-3;8,00E-3;;;;;;;;;;;;;;
3,82E-2;4,00E-3;8,00E-3;;;;;;;;;;;;;;
3,83E-2;4,00E-3;8,00E-3;;;;;;;;;;;;;;
3,83E-2;4,00E-3;8,00E-3;;;;;;;;;;;;;;
3,84E-2;4,00E-3;8,00E-3;;;;;;;;;;;;;;
3,84E-2;4,00E-3;8,00E-3;;;;;;;;;;;;;;
3,84E-2;4,00E-3;4,00E-3;;;;;;;;;;;;;;
3,85E-2;4,00E-3;4,00E-3;;;;;;;;;;;;;;
3,85E-2;4,00E-3;4,00E-3;;;;;;;;;;;;;;
3,86E-2;4,00E-3;4,00E-3;;;;;;;;;;;;;;
3,86E-2;4,00E-3;4,00E-3;;;;;;;;;;;;;;
3,86E-2;2,00E-3;4,00E-3;;;;;;;;;;;;;;
3,87E-2;2,00E-3;2,00E-3;;;;;;;;;;;;;;
3,87E-2;2,00E-3;4,00E-3;;;;;;;;;;;;;;
3,88E-2;4,00E-3;4,00E-3;;;;;;;;;;;;;;
3,88E-2;2,00E-3;-2,00E-3;;;;;;;;;;;;;;
3,88E-2;2,00E-3;2,00E-3;;;;;;;;;;;;;;
3,89E-2;2,00E-3;-2,00E-3;;;;;;;;;;;;;;
3,89E-2;-2,00E-3;-2,00E-3;;;;;;;;;;;;;;
3,90E-2;-2,00E-3;-2,00E-3;;;;;;;;;;;;;;
3,90E-2;2,00E-3;-2,00E-3;;;;;;;;;;;;;;
3,90E-2;-2,00E-3;-2,00E-3;;;;;;;;;;;;;;
3,91E-2;-2,00E-3;-6,00E-3;;;;;;;;;;;;;;
3,91E-2;-2,00E-3;-6,00E-3;;;;;;;;;;;;;;
3,92E-2;-6,00E-3;-1,40E-2;;;;;;;;;;;;;;
3,92E-2;-2,00E-3;-1,00E-2;;;;;;;;;;;;;;
3,92E-2;-2,00E-3;-1,40E-2;;;;;;;;;;;;;;
3,93E-2;-2,00E-3;-1,00E-2;;;;;;;;;;;;;;
3,93E-2;-6,00E-3;-1,40E-2;;;;;;;;;;;;;;
3,94E-2;-6,00E-3;-1,40E-2;;;;;;;;;;;;;;
3,94E-2;-6,00E-3;-1,00E-2;;;;;;;;;;;;;;
3,94E-2;-2,00E-3;-1,00E-2;;;;;;;;;;;;;;
3,95E-2;-6,00E-3;-1,00E-2;;;;;;;;;;;;;;
3,95E-2;-2,00E-3;-6,00E-3;;;;;;;;;;;;;;
3,96E-2;-6,00E-3;-1,00E-2;;;;;;;;;;;;;;
3,96E-2;-6,00E-3;-1,00E-2;;;;;;;;;;;;;;
3,96E-2;-2,00E-3;-6,00E-3;;;;;;;;;;;;;;
3,97E-2;-6,00E-3;-1,00E-2;;;;;;;;;;;;;;
3,97E-2;-2,00E-3;-6,00E-3;;;;;;;;;;;;;;
3,98E-2;-2,00E-3;-6,00E-3;;;;;;;;;;;;;;
3,98E-2;-6,00E-3;-2,00E-3;;;;;;;;;;;;;;
3,98E-2;-2,00E-3;-2,00E-3;;;;;;;;;;;;;;
3,99E-2;-2,00E-3;2,00E-3;;;;;;;;;;;;;;
3,99E-2;2,00E-3;2,00E-3;;;;;;;;;;;;;;
4,00E-2;-2,00E-3;-2,00E-3;;;;;;;;;;;;;;
4,00E-2;-2,00E-3;4,00E-3;;;;;;;;;;;;;;
4,00E-2;2,00E-3;4,00E-3;;;;;;;;;;;;;;
4,01E-2;2,00E-3;2,00E-3;;;;;;;;;;;;;;
4,01E-2;2,00E-3;4,00E-3;;;;;;;;;;;;;;
4,02E-2;2,00E-3;4,00E-3;;;;;;;;;;;;;;
4,02E-2;2,00E-3;2,00E-3;;;;;;;;;;;;;;
4,02E-2;2,00E-3;4,00E-3;;;;;;;;;;;;;;
4,03E-2;2,00E-3;4,00E-3;;;;;;;;;;;;;;
4,03E-2;4,00E-3;8,00E-3;;;;;;;;;;;;;;
4,04E-2;4,00E-3;8,00E-3;;;;;;;;;;;;;;
4,04E-2;4,00E-3;8,00E-3;;;;;;;;;;;;;;
4,04E-2;4,00E-3;4,00E-3;;;;;;;;;;;;;;
4,05E-2;4,00E-3;8,00E-3;;;;;;;;;;;;;;
4,05E-2;4,00E-3;8,00E-3;;;;;;;;;;;;;;
4,06E-2;4,00E-3;8,00E-3;;;;;;;;;;;;;;
4,06E-2;-2,00E-3;-2,00E-3;;;;;;;;;;;;;;
4,06E-2;2,00E-3;2,00E-3;;;;;;;;;;;;;;
4,07E-2;4,00E-3;4,00E-3;;;;;;;;;;;;;;
4,07E-2;4,00E-3;4,00E-3;;;;;;;;;;;;;;
4,08E-2;1,60E-2;2,00E-2;;;;;;;;;;;;;;
4,08E-2;8,00E-3;8,00E-3;;;;;;;;;;;;;;
4,08E-2;8,00E-3;4,00E-3;;;;;;;;;;;;;;
4,09E-2;8,00E-3;4,00E-3;;;;;;;;;;;;;;
4,09E-2;8,00E-3;4,00E-3;;;;;;;;;;;;;;
4,10E-2;8,00E-3;2,00E-3;;;;;;;;;;;;;;
4,10E-2;4,00E-3;2,00E-3;;;;;;;;;;;;;;
4,10E-2;-6,00E-3;-1,00E-2;;;;;;;;;;;;;;
4,11E-2;8,00E-3;2,00E-3;;;;;;;;;;;;;;
4,11E-2;4,00E-3;-2,00E-3;;;;;;;;;;;;;;
4,12E-2;8,00E-3;2,00E-3;;;;;;;;;;;;;;
4,12E-2;8,00E-3;2,00E-3;;;;;;;;;;;;;;
4,12E-2;2,00E-3;-2,00E-3;;;;;;;;;;;;;;
4,13E-2;4,00E-3;-6,00E-3;;;;;;;;;;;;;;
4,13E-2;4,00E-3;-2,00E-3;;;;;;;;;;;;;;
4,14E-2;2,00E-3;-2,00E-3;;;;;;;;;;;;;;
4,14E-2;2,00E-3;-2,00E-3;;;;;;;;;;;;;;
4,14E-2;2,00E-3;-2,00E-3;;;;;;;;;;;;;;
4,15E-2;4,00E-3;2,00E-3;;;;;;;;;;;;;;
4,15E-2;4,00E-3;2,00E-3;;;;;;;;;;;;;;
4,16E-2;4,00E-3;2,00E-3;;;;;;;;;;;;;;
4,16E-2;8,00E-3;4,00E-3;;;;;;;;;;;;;;
4,16E-2;2,00E-3;-2,00E-3;;;;;;;;;;;;;;
4,17E-2;8,00E-3;4,00E-3;;;;;;;;;;;;;;
4,17E-2;4,00E-3;4,00E-3;;;;;;;;;;;;;;
4,18E-2;8,00E-3;8,00E-3;;;;;;;;;;;;;;
4,18E-2;8,00E-3;8,00E-3;;;;;;;;;;;;;;
4,18E-2;1,20E-2;1,20E-2;;;;;;;;;;;;;;
4,19E-2;1,20E-2;1,20E-2;;;;;;;;;;;;;;
4,19E-2;1,20E-2;1,20E-2;;;;;;;;;;;;;;
4,20E-2;1,20E-2;1,60E-2;;;;;;;;;;;;;;
4,20E-2;1,20E-2;1,20E-2;;;;;;;;;;;;;;
4,20E-2;1,20E-2;1,20E-2;;;;;;;;;;;;;;
4,21E-2;1,60E-2;1,60E-2;;;;;;;;;;;;;;
4,21E-2;1,20E-2;1,60E-2;;;;;;;;;;;;;;
4,22E-2;1,60E-2;2,00E-2;;;;;;;;;;;;;;
4,22E-2;1,60E-2;2,00E-2;;;;;;;;;;;;;;
4,22E-2;1,60E-2;2,00E-2;;;;;;;;;;;;;;
4,23E-2;1,60E-2;2,00E-2;;;;;;;;;;;;;;
4,23E-2;2,00E-2;2,40E-2;;;;;;;;;;;;;;
4,24E-2;2,40E-2;2,00E-2;;;;;;;;;;;;;;
4,24E-2;2,00E-2;2,40E-2;;;;;;;;;;;;;;
4,24E-2;2,00E-2;2,00E-2;;;;;;;;;;;;;;
4,25E-2;2,00E-2;2,40E-2;;;;;;;;;;;;;;
4,25E-2;2,00E-2;2,00E-2;;;;;;;;;;;;;;
4,26E-2;1,60E-2;2,00E-2;;;;;;;;;;;;;;
4,26E-2;1,60E-2;1,60E-2;;;;;;;;;;;;;;
4,26E-2;8,00E-3;1,60E-2;;;;;;;;;;;;;;
4,27E-2;1,20E-2;1,20E-2;;;;;;;;;;;;;;
4,27E-2;1,60E-2;1,60E-2;;;;;;;;;;;;;;
4,28E-2;8,00E-3;4,00E-3;;;;;;;;;;;;;;
4,28E-2;1,60E-2;1,20E-2;;;;;;;;;;;;;;
4,28E-2;1,20E-2;1,20E-2;;;;;;;;;;;;;;
4,29E-2;1,20E-2;8,00E-3;;;;;;;;;;;;;;
4,29E-2;8,00E-3;8,00E-3;;;;;;;;;;;;;;
4,30E-2;1,20E-2;8,00E-3;;;;;;;;;;;;;;
4,30E-2;4,00E-3;2,00E-3;;;;;;;;;;;;;;
4,30E-2;8,00E-3;4,00E-3;;;;;;;;;;;;;;
4,31E-2;4,00E-3;2,00E-3;;;;;;;;;;;;;;
4,31E-2;8,00E-3;2,00E-3;;;;;;;;;;;;;;
4,32E-2;4,00E-3;-2,00E-3;;;;;;;;;;;;;;
4,32E-2;2,00E-3;-2,00E-3;;;;;;;;;;;;;;
4,32E-2;8,00E-3;-2,00E-3;;;;;;;;;;;;;;
4,33E-2;2,00E-3;-6,00E-3;;;;;;;;;;;;;;
4,33E-2;-2,00E-3;-6,00E-3;;;;;;;;;;;;;;
4,34E-2;2,00E-3;-6,00E-3;;;;;;;;;;;;;;
4,34E-2;2,00E-3;-6,00E-3;;;;;;;;;;;;;;
4,34E-2;2,00E-3;-2,00E-3;;;;;;;;;;;;;;
4,35E-2;4,00E-3;-2,00E-3;;;;;;;;;;;;;;
4,35E-2;2,00E-3;-2,00E-3;;;;;;;;;;;;;;
4,36E-2;2,00E-3;-2,00E-3;;;;;;;;;;;;;;
4,36E-2;4,00E-3;-2,00E-3;;;;;;;;;;;;;;
4,36E-2;4,00E-3;2,00E-3;;;;;;;;;;;;;;
4,37E-2;2,00E-3;-2,00E-3;;;;;;;;;;;;;;
4,37E-2;4,00E-3;2,00E-3;;;;;;;;;;;;;;
4,38E-2;4,00E-3;2,00E-3;;;;;;;;;;;;;;
4,38E-2;2,00E-3;-2,00E-3;;;;;;;;;;;;;;
4,38E-2;2,00E-3;2,00E-3;;;;;;;;;;;;;;
4,39E-2;4,00E-3;8,00E-3;;;;;;;;;;;;;;
4,39E-2;4,00E-3;4,00E-3;;;;;;;;;;;;;;
4,40E-2;4,00E-3;4,00E-3;;;;;;;;;;;;;;
4,40E-2;2,00E-3;4,00E-3;;;;;;;;;;;;;;
4,40E-2;2,00E-3;4,00E-3;;;;;;;;;;;;;;
4,41E-2;4,00E-3;4,00E-3;;;;;;;;;;;;;;
4,41E-2;4,00E-3;8,00E-3;;;;;;;;;;;;;;
4,42E-2;4,00E-3;8,00E-3;;;;;;;;;;;;;;
4,42E-2;4,00E-3;8,00E-3;;;;;;;;;;;;;;
4,42E-2;4,00E-3;8,00E-3;;;;;;;;;;;;;;
4,43E-2;4,00E-3;1,20E-2;;;;;;;;;;;;;;
4,43E-2;8,00E-3;1,20E-2;;;;;;;;;;;;;;
4,44E-2;8,00E-3;1,20E-2;;;;;;;;;;;;;;
4,44E-2;-2,00E-3;2,00E-3;;;;;;;;;;;;;;
4,44E-2;4,00E-3;8,00E-3;;;;;;;;;;;;;;
4,45E-2;-6,00E-3;2,00E-3;;;;;;;;;;;;;;
4,45E-2;4,00E-3;8,00E-3;;;;;;;;;;;;;;
4,46E-2;1,60E-2;2,00E-2;;;;;;;;;;;;;;
4,46E-2;2,00E-3;8,00E-3;;;;;;;;;;;;;;
4,46E-2;8,00E-3;8,00E-3;;;;;;;;;;;;;;
4,47E-2;2,00E-3;4,00E-3;;;;;;;;;;;;;;
4,47E-2;-2,00E-3;2,00E-3;;;;;;;;;;;;;;
4,48E-2;2,00E-3;2,00E-3;;;;;;;;;;;;;;
4,48E-2;2,00E-3;-2,00E-3;;;;;;;;;;;;;;
4,48E-2;-2,00E-3;-6,00E-3;;;;;;;;;;;;;;
4,49E-2;-2,00E-3;-6,00E-3;;;;;;;;;;;;;;
4,49E-2;-6,00E-3;-1,40E-2;;;;;;;;;;;;;;
4,50E-2;-2,00E-3;-1,00E-2;;;;;;;;;;;;;;
4,50E-2;-2,00E-3;-1,00E-2;;;;;;;;;;;;;;
4,50E-2;-2,00E-3;-6,00E-3;;;;;;;;;;;;;;
4,51E-2;2,00E-3;-6,00E-3;;;;;;;;;;;;;;
4,51E-2;-6,00E-3;-1,40E-2;;;;;;;;;;;;;;
4,52E-2;-1,40E-2;-1,80E-2;;;;;;;;;;;;;;
4,52E-2;-1,00E-2;-1,40E-2;;;;;;;;;;;;;;
4,52E-2;-1,00E-2;-1,80E-2;;;;;;;;;;;;;;
4,53E-2;-1,80E-2;-2,00E-2;;;;;;;;;;;;;;
4,53E-2;-1,40E-2;-1,80E-2;;;;;;;;;;;;;;
4,54E-2;-1,00E-2;-1,80E-2;;;;;;;;;;;;;;
4,54E-2;-1,00E-2;-1,80E-2;;;;;;;;;;;;;;
4,54E-2;-2,00E-3;-1,00E-2;;;;;;;;;;;;;;
4,55E-2;-1,00E-2;-1,40E-2;;;;;;;;;;;;;;
4,55E-2;-1,00E-2;-1,40E-2;;;;;;;;;;;;;;
4,56E-2;-1,00E-2;-1,00E-2;;;;;;;;;;;;;;
4,56E-2;-1,40E-2;-1,40E-2;;;;;;;;;;;;;;
4,56E-2;-1,00E-2;-1,40E-2;;;;;;;;;;;;;;
4,57E-2;-1,00E-2;-1,00E-2;;;;;;;;;;;;;;
4,57E-2;-1,00E-2;-1,00E-2;;;;;;;;;;;;;;
4,58E-2;-1,00E-2;-6,00E-3;;;;;;;;;;;;;;
4,58E-2;-6,00E-3;-1,00E-2;;;;;;;;;;;;;;
4,58E-2;-1,00E-2;-1,40E-2;;;;;;;;;;;;;;
4,59E-2;4,00E-3;-2,00E-3;;;;;;;;;;;;;;
4,59E-2;-6,00E-3;-2,00E-3;;;;;;;;;;;;;;
4,60E-2;1,20E-2;4,00E-3;;;;;;;;;;;;;;
4,60E-2;-6,00E-3;-2,00E-3;;;;;;;;;;;;;;
4,60E-2;-1,80E-2;-2,80E-2;;;;;;;;;;;;;;
4,61E-2;-2,00E-3;-2,00E-3;;;;;;;;;;;;;;
4,61E-2;-2,00E-3;2,00E-3;;;;;;;;;;;;;;
4,62E-2;-2,00E-3;2,00E-3;;;;;;;;;;;;;;
4,62E-2;-2,00E-3;-2,00E-3;;;;;;;;;;;;;;
4,62E-2;-2,00E-3;2,00E-3;;;;;;;;;;;;;;
4,63E-2;-2,00E-3;2,00E-3;;;;;;;;;;;;;;
4,63E-2;-2,00E-3;2,00E-3;;;;;;;;;;;;;;
4,64E-2;-2,00E-3;2,00E-3;;;;;;;;;;;;;;
4,64E-2;-1,40E-2;-1,40E-2;;;;;;;;;;;;;;
4,64E-2;2,00E-3;4,00E-3;;;;;;;;;;;;;;
4,65E-2;-2,00E-3;2,00E-3;;;;;;;;;;;;;;
4,65E-2;-2,00E-3;-2,00E-3;;;;;;;;;;;;;;
4,66E-2;-2,00E-3;-2,00E-3;;;;;;;;;;;;;;
4,66E-2;-2,00E-3;2,00E-3;;;;;;;;;;;;;;
4,66E-2;-6,00E-3;-6,00E-3;;;;;;;;;;;;;;
4,67E-2;-2,00E-3;-2,00E-3;;;;;;;;;;;;;;
4,67E-2;-2,00E-3;-2,00E-3;;;;;;;;;;;;;;
4,68E-2;-6,00E-3;-6,00E-3;;;;;;;;;;;;;;
4,68E-2;-2,00E-3;-6,00E-3;;;;;;;;;;;;;;
4,68E-2;-2,00E-3;-6,00E-3;;;;;;;;;;;;;;
4,69E-2;-6,00E-3;-1,00E-2;;;;;;;;;;;;;;
4,69E-2;-6,00E-3;-1,00E-2;;;;;;;;;;;;;;
4,70E-2;-6,00E-3;-1,00E-2;;;;;;;;;;;;;;
4,70E-2;-6,00E-3;-1,00E-2;;;;;;;;;;;;;;
4,70E-2;-1,00E-2;-1,40E-2;;;;;;;;;;;;;;
4,71E-2;-6,00E-3;-1,40E-2;;;;;;;;;;;;;;
4,71E-2;-1,00E-2;-1,80E-2;;;;;;;;;;;;;;
4,72E-2;-1,00E-2;-1,80E-2;;;;;;;;;;;;;;
4,72E-2;-1,00E-2;-1,80E-2;;;;;;;;;;;;;;
4,72E-2;-1,00E-2;-1,80E-2;;;;;;;;;;;;;;
4,73E-2;-1,40E-2;-1,80E-2;;;;;;;;;;;;;;
4,73E-2;-1,40E-2;-1,80E-2;;;;;;;;;;;;;;
4,74E-2;-1,00E-2;-1,80E-2;;;;;;;;;;;;;;
4,74E-2;-1,40E-2;-2,00E-2;;;;;;;;;;;;;;
4,74E-2;-1,40E-2;-1,80E-2;;;;;;;;;;;;;;
4,75E-2;-1,00E-2;-1,40E-2;;;;;;;;;;;;;;
4,75E-2;-1,40E-2;-1,80E-2;;;;;;;;;;;;;;
4,76E-2;-1,00E-2;-1,80E-2;;;;;;;;;;;;;;
4,76E-2;-1,00E-2;-1,40E-2;;;;;;;;;;;;;;
4,76E-2;-1,40E-2;-1,80E-2;;;;;;;;;;;;;;
4,77E-2;-1,00E-2;-1,40E-2;;;;;;;;;;;;;;
4,77E-2;-1,00E-2;-1,40E-2;;;;;;;;;;;;;;
4,78E-2;-1,00E-2;-1,40E-2;;;;;;;;;;;;;;
4,78E-2;-1,00E-2;-1,00E-2;;;;;;;;;;;;;;
4,78E-2;-1,00E-2;-1,00E-2;;;;;;;;;;;;;;
4,79E-2;-6,00E-3;-1,00E-2;;;;;;;;;;;;;;
4,79E-2;-6,00E-3;-6,00E-3;;;;;;;;;;;;;;
4,80E-2;-2,00E-3;-6,00E-3;;;;;;;;;;;;;;
4,80E-2;-2,00E-3;-2,00E-3;;;;;;;;;;;;;;
4,80E-2;-6,00E-3;-2,00E-3;;;;;;;;;;;;;;
4,81E-2;-2,00E-3;-2,00E-3;;;;;;;;;;;;;;
4,81E-2;-2,00E-3;-2,00E-3;;;;;;;;;;;;;;
4,82E-2;-2,00E-3;2,00E-3;;;;;;;;;;;;;;
4,82E-2;-2,00E-3;2,00E-3;;;;;;;;;;;;;;
4,82E-2;-2,00E-3;2,00E-3;;;;;;;;;;;;;;
4,83E-2;-6,00E-3;-2,00E-3;;;;;;;;;;;;;;
4,83E-2;-6,00E-3;2,00E-3;;;;;;;;;;;;;;
4,84E-2;-2,00E-3;4,00E-3;;;;;;;;;;;;;;
4,84E-2;2,00E-3;2,00E-3;;;;;;;;;;;;;;
4,84E-2;-2,00E-3;2,00E-3;;;;;;;;;;;;;;
4,85E-2;-2,00E-3;2,00E-3;;;;;;;;;;;;;;
4,85E-2;-2,00E-3;2,00E-3;;;;;;;;;;;;;;
4,86E-2;-2,00E-3;-2,00E-3;;;;;;;;;;;;;;
4,86E-2;-2,00E-3;-2,00E-3;;;;;;;;;;;;;;
4,86E-2;-2,00E-3;-2,00E-3;;;;;;;;;;;;;;
4,87E-2;-6,00E-3;-6,00E-3;;;;;;;;;;;;;;
4,87E-2;-6,00E-3;-6,00E-3;;;;;;;;;;;;;;
4,88E-2;-2,00E-3;-6,00E-3;;;;;;;;;;;;;;
4,88E-2;-6,00E-3;-6,00E-3;;;;;;;;;;;;;;
4,88E-2;-2,00E-3;-6,00E-3;;;;;;;;;;;;;;
4,89E-2;-6,00E-3;-6,00E-3;;;;;;;;;;;;;;
4,89E-2;-1,00E-2;-1,40E-2;;;;;;;;;;;;;;
4,90E-2;-1,00E-2;-1,40E-2;;;;;;;;;;;;;;
4,90E-2;-1,00E-2;-1,40E-2;;;;;;;;;;;;;;
4,90E-2;-1,00E-2;-1,40E-2;;;;;;;;;;;;;;
4,91E-2;-1,00E-2;-1,40E-2;;;;;;;;;;;;;;
4,91E-2;-1,00E-2;-1,80E-2;;;;;;;;;;;;;;
4,92E-2;-1,00E-2;-1,40E-2;;;;;;;;;;;;;;
4,92E-2;-1,00E-2;-1,80E-2;;;;;;;;;;;;;;
4,92E-2;-1,40E-2;-1,80E-2;;;;;;;;;;;;;;
4,93E-2;-1,00E-2;-1,80E-2;;;;;;;;;;;;;;
4,93E-2;-1,00E-2;-2,00E-2;;;;;;;;;;;;;;
4,94E-2;-1,40E-2;-2,00E-2;;;;;;;;;;;;;;
4,94E-2;-1,80E-2;-2,00E-2;;;;;;;;;;;;;;
4,94E-2;-1,40E-2;-1,80E-2;;;;;;;;;;;;;;
4,95E-2;-1,40E-2;-1,40E-2;;;;;;;;;;;;;;
4,95E-2;-1,00E-2;-1,80E-2;;;;;;;;;;;;;;
4,96E-2;-1,40E-2;-1,40E-2;;;;;;;;;;;;;;
4,96E-2;-1,00E-2;-1,40E-2;;;;;;;;;;;;;;
4,96E-2;-1,00E-2;-1,40E-2;;;;;;;;;;;;;;
4,97E-2;-1,00E-2;-1,40E-2;;;;;;;;;;;;;;
4,97E-2;-1,00E-2;-1,40E-2;;;;;;;;;;;;;;
4,98E-2;-1,00E-2;-1,00E-2;;;;;;;;;;;;;;
4,98E-2;-6,00E-3;-1,00E-2;;;;;;;;;;;;;;
4,98E-2;-1,00E-2;-1,00E-2;;;;;;;;;;;;;;
4,99E-2;-6,00E-3;-6,00E-3;;;;;;;;;;;;;;
4,99E-2;-2,00E-3;-6,00E-3;;;;;;;;;;;;;;
5,00E-2;-2,00E-3;-2,00E-3;;;;;;;;;;;;;;
5,00E-2;-6,00E-3;-6,00E-3;;;;;;;;;;;;;;
5,00E-2;-2,00E-3;-2,00E-3;;;;;;;;;;;;;;
5,01E-2;-6,00E-3;-6,00E-3;;;;;;;;;;;;;;
5,01E-2;-2,00E-3;2,00E-3;;;;;;;;;;;;;;
5,02E-2;-2,00E-3;2,00E-3;;;;;;;;;;;;;;
5,02E-2;-2,00E-3;2,00E-3;;;;;;;;;;;;;;
5,02E-2;-6,00E-3;-2,00E-3;;;;;;;;;;;;;;
5,03E-2;-2,00E-3;2,00E-3;;;;;;;;;;;;;;
5,03E-2;-6,00E-3;2,00E-3;;;;;;;;;;;;;;
5,04E-2;-2,00E-3;2,00E-3;;;;;;;;;;;;;;
5,04E-2;2,00E-3;2,00E-3;;;;;;;;;;;;;;
5,04E-2;2,00E-3;4,00E-3;;;;;;;;;;;;;;
5,05E-2;-2,00E-3;-2,00E-3;;;;;;;;;;;;;;
5,05E-2;-2,00E-3;-2,00E-3;;;;;;;;;;;;;;
5,06E-2;-2,00E-3;2,00E-3;;;;;;;;;;;;;;
5,06E-2;-2,00E-3;-2,00E-3;;;;;;;;;;;;;;
5,06E-2;-2,00E-3;-2,00E-3;;;;;;;;;;;;;;
5,07E-2;-6,00E-3;-6,00E-3;;;;;;;;;;;;;;
5,07E-2;-1,00E-2;-1,00E-2;;;;;;;;;;;;;;
5,08E-2;-1,00E-2;-1,40E-2;;;;;;;;;;;;;;
5,08E-2;-1,40E-2;-1,80E-2;;;;;;;;;;;;;;
5,08E-2;-1,80E-2;-2,00E-2;;;;;;;;;;;;;;
5,09E-2;-1,40E-2;-1,80E-2;;;;;;;;;;;;;;
5,09E-2;-1,80E-2;-2,00E-2;;;;;;;;;;;;;;
5,10E-2;-2,00E-2;-2,40E-2;;;;;;;;;;;;;;
5,10E-2;-2,00E-2;-2,80E-2;;;;;;;;;;;;;;
5,10E-2;-2,00E-2;-2,80E-2;;;;;;;;;;;;;;
5,11E-2;-1,80E-2;-2,40E-2;;;;;;;;;;;;;;
5,11E-2;-2,00E-2;-2,80E-2;;;;;;;;;;;;;;
5,12E-2;-2,40E-2;-2,80E-2;;;;;;;;;;;;;;
5,12E-2;-2,00E-2;-2,80E-2;;;;;;;;;;;;;;
5,12E-2;-2,40E-2;-2,80E-2;;;;;;;;;;;;;;
5,13E-2;-2,40E-2;-3,20E-2;;;;;;;;;;;;;;
5,13E-2;-2,40E-2;-2,80E-2;;;;;;;;;;;;;;
5,14E-2;-2,40E-2;-3,20E-2;;;;;;;;;;;;;;
5,14E-2;-2,80E-2;-3,20E-2;;;;;;;;;;;;;;
5,14E-2;-2,80E-2;-3,20E-2;;;;;;;;;;;;;;
5,15E-2;-2,40E-2;-3,20E-2;;;;;;;;;;;;;;
5,15E-2;-2,40E-2;-2,80E-2;;;;;;;;;;;;;;
5,16E-2;-2,40E-2;-2,80E-2;;;;;;;;;;;;;;
5,16E-2;-2,40E-2;-3,20E-2;;;;;;;;;;;;;;
5,16E-2;-2,40E-2;-2,80E-2;;;;;;;;;;;;;;
5,17E-2;-2,40E-2;-2,80E-2;;;;;;;;;;;;;;
5,17E-2;-2,40E-2;-2,40E-2;;;;;;;;;;;;;;
5,18E-2;-2,80E-2;-2,80E-2;;;;;;;;;;;;;;
5,18E-2;-2,40E-2;-2,00E-2;;;;;;;;;;;;;;
5,18E-2;-2,00E-2;-2,00E-2;;;;;;;;;;;;;;
5,19E-2;-2,00E-2;-2,00E-2;;;;;;;;;;;;;;
5,19E-2;-1,80E-2;-2,00E-2;;;;;;;;;;;;;;
5,20E-2;-1,40E-2;-2,00E-2;;;;;;;;;;;;;;
5,20E-2;-1,80E-2;-2,00E-2;;;;;;;;;;;;;;
5,20E-2;-1,80E-2;-1,80E-2;;;;;;;;;;;;;;
5,21E-2;-2,00E-2;-2,00E-2;;;;;;;;;;;;;;
5,21E-2;-1,80E-2;-1,80E-2;;;;;;;;;;;;;;
5,22E-2;-1,80E-2;-1,40E-2;;;;;;;;;;;;;;
5,22E-2;-6,60E-2;-6,20E-2;;;;;;;;;;;;;;
5,22E-2;-1,40E-2;-1,40E-2;;;;;;;;;;;;;;
5,23E-2;-1,80E-2;-1,40E-2;;;;;;;;;;;;;;
5,23E-2;-1,80E-2;-1,40E-2;;;;;;;;;;;;;;
5,24E-2;-1,80E-2;-1,00E-2;;;;;;;;;;;;;;
5,24E-2;-1,80E-2;-1,40E-2;;;;;;;;;;;;;;
5,24E-2;-1,40E-2;-1,00E-2;;;;;;;;;;;;;;
5,25E-2;-1,40E-2;-1,40E-2;;;;;;;;;;;;;;
5,25E-2;-1,80E-2;-1,80E-2;;;;;;;;;;;;;;
5,26E-2;-1,80E-2;-1,80E-2;;;;;;;;;;;;;;
5,26E-2;-1,40E-2;-1,40E-2;;;;;;;;;;;;;;
5,26E-2;-1,80E-2;-1,40E-2;;;;;;;;;;;;;;
5,27E-2;-1,40E-2;-1,40E-2;;;;;;;;;;;;;;
5,27E-2;-1,40E-2;-1,80E-2;;;;;;;;;;;;;;
5,28E-2;-1,40E-2;-1,80E-2;;;;;;;;;;;;;;
5,28E-2;-1,80E-2;-1,80E-2;;;;;;;;;;;;;;
5,28E-2;-1,80E-2;-2,00E-2;;;;;;;;;;;;;;
5,29E-2;-1,80E-2;-1,80E-2;;;;;;;;;;;;;;
5,29E-2;-1,80E-2;-2,00E-2;;;;;;;;;;;;;;
5,30E-2;-1,80E-2;-2,00E-2;;;;;;;;;;;;;;
5,30E-2;-1,80E-2;-2,00E-2;;;;;;;;;;;;;;
5,30E-2;-1,80E-2;-2,40E-2;;;;;;;;;;;;;;
5,31E-2;-1,40E-2;-2,00E-2;;;;;;;;;;;;;;
5,31E-2;-1,80E-2;-2,00E-2;;;;;;;;;;;;;;
5,32E-2;-1,80E-2;-2,00E-2;;;;;;;;;;;;;;
5,32E-2;-1,80E-2;-2,40E-2;;;;;;;;;;;;;;
5,32E-2;-1,80E-2;-2,00E-2;;;;;;;;;;;;;;
5,33E-2;-1,80E-2;-2,00E-2;;;;;;;;;;;;;;
5,33E-2;-1,80E-2;-2,40E-2;;;;;;;;;;;;;;
5,34E-2;-1,80E-2;-2,40E-2;;;;;;;;;;;;;;
5,34E-2;-1,80E-2;-2,40E-2;;;;;;;;;;;;;;
5,34E-2;-1,80E-2;-2,40E-2;;;;;;;;;;;;;;
5,35E-2;-1,80E-2;-2,00E-2;;;;;;;;;;;;;;
5,35E-2;-1,00E-2;-1,40E-2;;;;;;;;;;;;;;
5,36E-2;-1,40E-2;-1,80E-2;;;;;;;;;;;;;;
5,36E-2;-1,40E-2;-1,80E-2;;;;;;;;;;;;;;
5,36E-2;-1,40E-2;-1,80E-2;;;;;;;;;;;;;;
5,37E-2;-1,80E-2;-1,80E-2;;;;;;;;;;;;;;
5,37E-2;-1,80E-2;-1,80E-2;;;;;;;;;;;;;;
5,38E-2;-1,00E-2;-1,40E-2;;;;;;;;;;;;;;
5,38E-2;-1,40E-2;-1,40E-2;;;;;;;;;;;;;;
5,38E-2;-1,00E-2;-1,40E-2;;;;;;;;;;;;;;
5,39E-2;-1,00E-2;-1,40E-2;;;;;;;;;;;;;;
5,39E-2;-1,00E-2;-1,00E-2;;;;;;;;;;;;;;
5,40E-2;-1,80E-2;-1,80E-2;;;;;;;;;;;;;;
5,40E-2;-6,00E-3;-2,00E-3;;;;;;;;;;;;;;
5,40E-2;-6,00E-3;-2,00E-3;;;;;;;;;;;;;;
5,41E-2;-6,00E-3;-6,00E-3;;;;;;;;;;;;;;
5,41E-2;-6,00E-3;-2,00E-3;;;;;;;;;;;;;;
5,42E-2;-2,00E-3;-2,00E-3;;;;;;;;;;;;;;
5,42E-2;-6,00E-3;-2,00E-3;;;;;;;;;;;;;;
5,42E-2;-2,00E-3;2,00E-3;;;;;;;;;;;;;;
5,43E-2;-2,00E-3;2,00E-3;;;;;;;;;;;;;;
5,43E-2;-2,00E-3;2,00E-3;;;;;;;;;;;;;;
5,44E-2;-2,00E-3;2,00E-3;;;;;;;;;;;;;;
5,44E-2;-2,00E-3;4,00E-3;;;;;;;;;;;;;;
5,44E-2;-2,00E-3;4,00E-3;;;;;;;;;;;;;;
5,45E-2;-2,00E-2;-1,80E-2;;;;;;;;;;;;;;
5,45E-2;-2,00E-3;2,00E-3;;;;;;;;;;;;;;
5,46E-2;-4,60E-2;-5,00E-2;;;;;;;;;;;;;;
5,46E-2;-2,00E-3;-2,00E-3;;;;;;;;;;;;;;
5,46E-2;-2,00E-3;2,00E-3;;;;;;;;;;;;;;
5,47E-2;2,00E-3;2,00E-3;;;;;;;;;;;;;;
5,47E-2;-2,00E-3;2,00E-3;;;;;;;;;;;;;;
5,48E-2;-2,00E-3;-6,00E-3;;;;;;;;;;;;;;
5,48E-2;-2,00E-3;-2,00E-3;;;;;;;;;;;;;;
5,48E-2;-2,00E-3;-6,00E-3;;;;;;;;;;;;;;
5,49E-2;-2,00E-3;-6,00E-3;;;;;;;;;;;;;;
5,49E-2;-2,00E-3;-6,00E-3;;;;;;;;;;;;;;
5,50E-2;-6,00E-3;-1,00E-2;;;;;;;;;;;;;;
5,50E-2;-6,00E-3;-1,00E-2;;;;;;;;;;;;;;
5,50E-2;-6,00E-3;-1,00E-2;;;;;;;;;;;;;;
5,51E-2;-5,00E-2;-3,60E-2;;;;;;;;;;;;;;
5,51E-2;-6,00E-3;-1,00E-2;;;;;;;;;;;;;;
5,52E-2;-1,80E-2;-1,80E-2;;;;;;;;;;;;;;
5,52E-2;-6,00E-3;-1,00E-2;;;;;;;;;;;;;;
5,52E-2;-6,00E-3;-1,40E-2;;;;;;;;;;;;;;
5,53E-2;-1,00E-2;-1,40E-2;;;;;;;;;;;;;;
5,53E-2;-1,00E-2;-1,40E-2;;;;;;;;;;;;;;
5,54E-2;-1,00E-2;-1,40E-2;;;;;;;;;;;;;;
5,54E-2;-1,00E-2;-1,40E-2;;;;;;;;;;;;;;
5,54E-2;-6,00E-3;-1,40E-2;;;;;;;;;;;;;;
5,55E-2;-1,00E-2;-1,40E-2;;;;;;;;;;;;;;
5,55E-2;-6,00E-3;-1,00E-2;;;;;;;;;;;;;;
5,56E-2;-2,00E-3;-6,00E-3;;;;;;;;;;;;;;
5,56E-2;-2,00E-3;-2,00E-3;;;;;;;;;;;;;;
5,56E-2;-1,00E-2;-1,40E-2;;;;;;;;;;;;;;
5,57E-2;3,00E-2;1,20E-2;;;;;;;;;;;;;;
5,57E-2;-6,00E-3;-1,00E-2;;;;;;;;;;;;;;
5,58E-2;-1,40E-2;-1,00E-2;;;;;;;;;;;;;;
5,58E-2;-2,00E-3;-6,00E-3;;;;;;;;;;;;;;
5,58E-2;-2,00E-3;2,00E-3;;;;;;;;;;;;;;
5,59E-2;-2,00E-3;-2,00E-3;;;;;;;;;;;;;;
5,59E-2;-2,00E-3;-2,00E-3;;;;;;;;;;;;;;
5,60E-2;2,00E-3;2,00E-3;;;;;;;;;;;;;;
5,60E-2;2,00E-3;2,00E-3;;;;;;;;;;;;;;
5,60E-2;2,00E-3;4,00E-3;;;;;;;;;;;;;;
5,61E-2;2,00E-3;4,00E-3;;;;;;;;;;;;;;
5,61E-2;-2,00E-3;4,00E-3;;;;;;;;;;;;;;
5,62E-2;2,00E-3;4,00E-3;;;;;;;;;;;;;;
5,62E-2;8,00E-3;-2,00E-3;;;;;;;;;;;;;;
5,62E-2;4,00E-3;8,00E-3;;;;;;;;;;;;;;
5,63E-2;8,00E-3;1,20E-2;;;;;;;;;;;;;;
5,63E-2;4,00E-3;1,20E-2;;;;;;;;;;;;;;
5,64E-2;1,20E-2;1,60E-2;;;;;;;;;;;;;;
5,64E-2;2,00E-3;8,00E-3;;;;;;;;;;;;;;
5,64E-2;4,00E-3;8,00E-3;;;;;;;;;;;;;;
5,65E-2;4,00E-3;8,00E-3;;;;;;;;;;;;;;
5,65E-2;2,00E-3;4,00E-3;;;;;;;;;;;;;;
5,66E-2;4,00E-3;4,00E-3;;;;;;;;;;;;;;
5,66E-2;4,00E-3;4,00E-3;;;;;;;;;;;;;;
5,66E-2;-2,00E-3;2,00E-3;;;;;;;;;;;;;;
5,67E-2;2,00E-3;4,00E-3;;;;;;;;;;;;;;
5,67E-2;4,00E-3;4,00E-3;;;;;;;;;;;;;;
5,68E-2;-2,00E-3;2,00E-3;;;;;;;;;;;;;;
5,68E-2;-2,00E-3;-2,00E-3;;;;;;;;;;;;;;
5,68E-2;-2,00E-3;-2,00E-3;;;;;;;;;;;;;;
5,69E-2;-2,00E-3;-6,00E-3;;;;;;;;;;;;;;
5,69E-2;2,00E-3;-2,00E-3;;;;;;;;;;;;;;
5,70E-2;-2,00E-3;-2,00E-3;;;;;;;;;;;;;;
5,70E-2;-2,00E-3;-6,00E-3;;;;;;;;;;;;;;
5,70E-2;-6,00E-3;-6,00E-3;;;;;;;;;;;;;;
5,71E-2;-2,00E-3;-6,00E-3;;;;;;;;;;;;;;
5,71E-2;-2,00E-3;-6,00E-3;;;;;;;;;;;;;;
5,72E-2;-6,00E-3;-1,00E-2;;;;;;;;;;;;;;
5,72E-2;-6,00E-3;-1,00E-2;;;;;;;;;;;;;;
5,72E-2;-2,00E-3;-1,00E-2;;;;;;;;;;;;;;
5,73E-2;-6,00E-3;-1,40E-2;;;;;;;;;;;;;;
5,73E-2;-6,00E-3;-1,00E-2;;;;;;;;;;;;;;
5,74E-2;-6,00E-3;-1,40E-2;;;;;;;;;;;;;;
5,74E-2;-6,00E-3;-1,40E-2;;;;;;;;;;;;;;
5,74E-2;-6,00E-3;-1,00E-2;;;;;;;;;;;;;;
5,75E-2;-6,00E-3;-1,00E-2;;;;;;;;;;;;;;
5,75E-2;-2,00E-3;-1,00E-2;;;;;;;;;;;;;;
5,76E-2;-2,00E-3;-1,00E-2;;;;;;;;;;;;;;
5,76E-2;-6,00E-3;-1,00E-2;;;;;;;;;;;;;;
5,76E-2;-6,00E-3;-6,00E-3;;;;;;;;;;;;;;
5,77E-2;-6,00E-3;-6,00E-3;;;;;;;;;;;;;;
5,77E-2;-6,00E-3;-1,00E-2;;;;;;;;;;;;;;
5,78E-2;-2,00E-3;-2,00E-3;;;;;;;;;;;;;;
5,78E-2;-2,00E-3;-2,00E-3;;;;;;;;;;;;;;
5,78E-2;-2,00E-3;-2,00E-3;;;;;;;;;;;;;;
5,79E-2;-2,00E-3;2,00E-3;;;;;;;;;;;;;;
5,79E-2;-2,00E-3;-2,00E-3;;;;;;;;;;;;;;
5,80E-2;-2,00E-3;-2,00E-3;;;;;;;;;;;;;;
5,80E-2;2,00E-3;4,00E-3;;;;;;;;;;;;;;
5,80E-2;-2,00E-3;2,00E-3;;;;;;;;;;;;;;
5,81E-2;-2,00E-3;2,00E-3;;;;;;;;;;;;;;
5,81E-2;2,00E-3;4,00E-3;;;;;;;;;;;;;;
5,82E-2;-2,00E-3;2,00E-3;;;;;;;;;;;;;;
5,82E-2;2,00E-3;8,00E-3;;;;;;;;;;;;;;
5,82E-2;2,00E-3;8,00E-3;;;;;;;;;;;;;;
5,83E-2;2,00E-3;8,00E-3;;;;;;;;;;;;;;
5,83E-2;4,00E-3;8,00E-3;;;;;;;;;;;;;;
5,84E-2;4,00E-3;8,00E-3;;;;;;;;;;;;;;
5,84E-2;4,00E-3;8,00E-3;;;;;;;;;;;;;;
5,84E-2;4,00E-3;8,00E-3;;;;;;;;;;;;;;
5,85E-2;4,00E-3;8,00E-3;;;;;;;;;;;;;;
5,85E-2;4,00E-3;8,00E-3;;;;;;;;;;;;;;
5,86E-2;2,00E-3;4,00E-3;;;;;;;;;;;;;;
5,86E-2;4,00E-3;4,00E-3;;;;;;;;;;;;;;
5,86E-2;4,00E-3;4,00E-3;;;;;;;;;;;;;;
5,87E-2;4,00E-3;4,00E-3;;;;;;;;;;;;;;
5,87E-2;2,00E-3;2,00E-3;;;;;;;;;;;;;;
5,88E-2;2,00E-3;2,00E-3;;;;;;;;;;;;;;
5,88E-2;-2,00E-3;-2,00E-3;;;;;;;;;;;;;;
5,88E-2;-2,00E-3;-2,00E-3;;;;;;;;;;;;;;
5,89E-2;-2,00E-3;-2,00E-3;;;;;;;;;;;;;;
5,89E-2;-2,00E-3;-2,00E-3;;;;;;;;;;;;;;
5,90E-2;-2,00E-3;-6,00E-3;;;;;;;;;;;;;;
5,90E-2;-2,00E-3;-6,00E-3;;;;;;;;;;;;;;
5,90E-2;-2,00E-3;-1,00E-2;;;;;;;;;;;;;;
5,91E-2;-6,00E-3;-1,00E-2;;;;;;;;;;;;;;
5,91E-2;-2,00E-3;-6,00E-3;;;;;;;;;;;;;;
5,92E-2;-2,00E-3;-6,00E-3;;;;;;;;;;;;;;
5,92E-2;-2,00E-3;-1,00E-2;;;;;;;;;;;;;;
5,92E-2;-2,00E-3;-1,40E-2;;;;;;;;;;;;;;
5,93E-2;-6,00E-3;-1,00E-2;;;;;;;;;;;;;;
5,93E-2;-6,00E-3;-1,40E-2;;;;;;;;;;;;;;
5,94E-2;-6,00E-3;-1,40E-2;;;;;;;;;;;;;;
5,94E-2;-1,00E-2;-1,40E-2;;;;;;;;;;;;;;
5,94E-2;-1,00E-2;-1,00E-2;;;;;;;;;;;;;;
5,95E-2;-1,40E-2;-1,80E-2;;;;;;;;;;;;;;
5,95E-2;-1,00E-2;-1,00E-2;;;;;;;;;;;;;;
5,96E-2;-6,00E-3;-1,00E-2;;;;;;;;;;;;;;
5,96E-2;-6,00E-3;-6,00E-3;;;;;;;;;;;;;;
5,96E-2;-2,00E-3;-6,00E-3;;;;;;;;;;;;;;
5,97E-2;-2,00E-3;-6,00E-3;;;;;;;;;;;;;;
5,97E-2;-6,00E-3;-6,00E-3;;;;;;;;;;;;;;
5,98E-2;-6,00E-3;-6,00E-3;;;;;;;;;;;;;;
5,98E-2;2,00E-3;2,00E-3;;;;;;;;;;;;;;
5,98E-2;-2,00E-3;-2,00E-3;;;;;;;;;;;;;;
5,99E-2;2,00E-3;2,00E-3;;;;;;;;;;;;;;
5,99E-2;2,00E-3;2,00E-3;;;;;;;;;;;;;;
6,00E-2;-2,00E-3;-2,00E-3;;;;;;;;;;;;;;
6,00E-2;-2,00E-3;2,00E-3;;;;;;;;;;;;;;
6,00E-2;2,00E-3;4,00E-3;;;;;;;;;;;;;;
