TIME;CH1;CH2;;;PROBE X;V/DIV;T/DIV;V_MIN;V_MAX;V_AVG;;;2026/03/11 21:44;;FNIRSI 1013D;
2,00E-5;-6,00E-3;-1,00E-2;;TRUE;1;5,00E-2;5,00E-4;-6,80E-2;3,80E-2;-3,11E-3;D:\4.wav;;;;;
3,00E-5;-6,00E-3;-1,00E-2;;TRUE;1;5,00E-2;5,00E-4;-7,20E-2;3,40E-2;-4,69E-3;;;;;;
4,00E-5;-6,00E-3;-1,00E-2;;;;;;;;;;;;;;
5,00E-5;-6,00E-3;-1,00E-2;;;;;;;;;;;;;;
6,00E-5;-1,00E-2;-1,40E-2;;;;;;;;;;;;;;
7,00E-5;-1,00E-2;-1,40E-2;;;;;;;;;;;;;;
8,00E-5;-6,00E-3;-1,40E-2;;;;;;;;;;;;;;
9,00E-5;-2,00E-3;-2,00E-3;;;;;;;;;;;;;;
1,00E-4;-6,00E-3;-1,00E-2;;;;;;;;;;;;;;
1,10E-4;-6,00E-3;-1,00E-2;;;;;;;;;;;;;;
1,20E-4;-6,00E-3;-1,40E-2;;;;;;;;;;;;;;
1,30E-4;-1,00E-2;-1,40E-2;;;;;;;;;;;;;;
1,40E-4;-1,00E-2;-1,40E-2;;;;;;;;;;;;;;
1,50E-4;-1,00E-2;-1,40E-2;;;;;;;;;;;;;;
1,60E-4;-6,00E-3;-1,00E-2;;;;;;;;;;;;;;
1,70E-4;-1,00E-2;-1,40E-2;;;;;;;;;;;;;;
1,80E-4;-1,00E-2;-1,40E-2;;;;;;;;;;;;;;
1,90E-4;-1,00E-2;-1,40E-2;;;;;;;;;;;;;;
2,00E-4;-1,00E-2;-1,40E-2;;;;;;;;;;;;;;
2,10E-4;-6,00E-3;-1,00E-2;;;;;;;;;;;;;;
2,20E-4;-1,00E-2;-1,00E-2;;;;;;;;;;;;;;
2,30E-4;-1,00E-2;-1,00E-2;;;;;;;;;;;;;;
2,40E-4;-6,00E-3;-1,00E-2;;;;;;;;;;;;;;
2,50E-4;-1,00E-2;-1,40E-2;;;;;;;;;;;;;;
2,60E-4;-1,00E-2;-1,40E-2;;;;;;;;;;;;;;
2,70E-4;-1,00E-2;-1,40E-2;;;;;;;;;;;;;;
2,80E-4;-1,00E-2;-1,40E-2;;;;;;;;;;;;;;
2,90E-4;-1,00E-2;-1,40E-2;;;;;;;;;;;;;;
3,00E-4;-1,00E-2;-1,40E-2;;;;;;;;;;;;;;
3,10E-4;-1,00E-2;-1,40E-2;;;;;;;;;;;;;;
3,20E-4;-6,00E-3;-1,40E-2;;;;;;;;;;;;;;
3,30E-4;-6,00E-3;-1,00E-2;;;;;;;;;;;;;;
3,40E-4;-6,00E-3;-1,00E-2;;;;;;;;;;;;;;
3,50E-4;-6,00E-3;-1,40E-2;;;;;;;;;;;;;;
3,60E-4;-1,00E-2;-1,40E-2;;;;;;;;;;;;;;
3,70E-4;-6,00E-3;-1,40E-2;;;;;;;;;;;;;;
3,80E-4;-1,00E-2;-1,80E-2;;;;;;;;;;;;;;
3,90E-4;-1,00E-2;-1,40E-2;;;;;;;;;;;;;;
4,00E-4;-1,00E-2;-1,40E-2;;;;;;;;;;;;;;
4,10E-4;-1,00E-2;-1,80E-2;;;;;;;;;;;;;;
4,20E-4;-1,00E-2;-1,80E-2;;;;;;;;;;;;;;
4,30E-4;-1,40E-2;-1,80E-2;;;;;;;;;;;;;;
4,40E-4;-1,40E-2;-1,80E-2;;;;;;;;;;;;;;
4,50E-4;-1,00E-2;-1,40E-2;;;;;;;;;;;;;;
4,60E-4;-1,40E-2;-1,40E-2;;;;;;;;;;;;;;
4,70E-4;-1,00E-2;-1,40E-2;;;;;;;;;;;;;;
4,80E-4;-6,00E-3;-1,00E-2;;;;;;;;;;;;;;
4,90E-4;-6,00E-3;-6,00E-3;;;;;;;;;;;;;;
5,00E-4;-1,00E-2;-1,00E-2;;;;;;;;;;;;;;
5,10E-4;-6,00E-3;-1,00E-2;;;;;;;;;;;;;;
5,20E-4;-6,00E-3;-1,00E-2;;;;;;;;;;;;;;
5,30E-4;-1,00E-2;-1,00E-2;;;;;;;;;;;;;;
5,40E-4;-6,00E-3;-6,00E-3;;;;;;;;;;;;;;
5,50E-4;-6,00E-3;-6,00E-3;;;;;;;;;;;;;;
5,60E-4;-6,00E-3;-2,00E-3;;;;;;;;;;;;;;
5,70E-4;-6,00E-3;-6,00E-3;;;;;;;;;;;;;;
5,80E-4;-1,00E-2;-6,00E-3;;;;;;;;;;;;;;
5,90E-4;-2,00E-3;-1,00E-2;;;;;;;;;;;;;;
6,00E-4;-2,00E-3;-6,00E-3;;;;;;;;;;;;;;
6,10E-4;-6,00E-3;-6,00E-3;;;;;;;;;;;;;;
6,20E-4;-2,00E-3;-6,00E-3;;;;;;;;;;;;;;
6,30E-4;-6,00E-3;-1,00E-2;;;;;;;;;;;;;;
6,40E-4;-6,00E-3;-1,00E-2;;;;;;;;;;;;;;
6,50E-4;-6,00E-3;-1,00E-2;;;;;;;;;;;;;;
6,60E-4;-2,00E-3;-1,00E-2;;;;;;;;;;;;;;
6,70E-4;-6,00E-3;-1,00E-2;;;;;;;;;;;;;;
6,80E-4;-6,00E-3;-1,00E-2;;;;;;;;;;;;;;
6,90E-4;-6,00E-3;-1,00E-2;;;;;;;;;;;;;;
7,00E-4;-6,00E-3;-1,00E-2;;;;;;;;;;;;;;
7,10E-4;-6,00E-3;-1,00E-2;;;;;;;;;;;;;;
7,20E-4;-2,00E-3;-1,00E-2;;;;;;;;;;;;;;
7,30E-4;-6,00E-3;-1,00E-2;;;;;;;;;;;;;;
7,40E-4;-2,00E-3;-6,00E-3;;;;;;;;;;;;;;
7,50E-4;-1,00E-2;-1,40E-2;;;;;;;;;;;;;;
7,60E-4;-6,00E-3;-1,00E-2;;;;;;;;;;;;;;
7,70E-4;-6,00E-3;-1,00E-2;;;;;;;;;;;;;;
7,80E-4;-1,00E-2;-1,40E-2;;;;;;;;;;;;;;
7,90E-4;-6,00E-3;-1,00E-2;;;;;;;;;;;;;;
8,00E-4;-6,00E-3;-1,00E-2;;;;;;;;;;;;;;
8,10E-4;-1,00E-2;-1,00E-2;;;;;;;;;;;;;;
8,20E-4;-1,00E-2;-1,40E-2;;;;;;;;;;;;;;
8,30E-4;-1,00E-2;-1,40E-2;;;;;;;;;;;;;;
8,40E-4;-1,00E-2;-1,00E-2;;;;;;;;;;;;;;
8,50E-4;-6,00E-3;-1,00E-2;;;;;;;;;;;;;;
8,60E-4;-6,00E-3;-1,00E-2;;;;;;;;;;;;;;
8,70E-4;-6,00E-3;-1,00E-2;;;;;;;;;;;;;;
8,80E-4;-1,00E-2;-1,40E-2;;;;;;;;;;;;;;
8,90E-4;-6,00E-3;-1,40E-2;;;;;;;;;;;;;;
9,00E-4;-1,00E-2;-1,40E-2;;;;;;;;;;;;;;
9,10E-4;-1,00E-2;-1,40E-2;;;;;;;;;;;;;;
9,20E-4;-1,00E-2;-1,00E-2;;;;;;;;;;;;;;
9,30E-4;-6,00E-3;-1,00E-2;;;;;;;;;;;;;;
9,40E-4;-6,00E-3;-1,00E-2;;;;;;;;;;;;;;
9,50E-4;-6,00E-3;-1,00E-2;;;;;;;;;;;;;;
9,60E-4;-6,00E-3;-1,00E-2;;;;;;;;;;;;;;
9,70E-4;-6,00E-3;-1,00E-2;;;;;;;;;;;;;;
9,80E-4;-6,00E-3;-1,00E-2;;;;;;;;;;;;;;
9,90E-4;-6,00E-3;-6,00E-3;;;;;;;;;;;;;;
1,00E-3;-6,00E-3;-6,00E-3;;;;;;;;;;;;;;
1,01E-3;-6,00E-3;-2,00E-3;;;;;;;;;;;;;;
1,02E-3;-6,00E-3;-6,00E-3;;;;;;;;;;;;;;
1,03E-3;-6,00E-3;-6,00E-3;;;;;;;;;;;;;;
1,04E-3;-1,00E-2;-6,00E-3;;;;;;;;;;;;;;
1,05E-3;-1,00E-2;-6,00E-3;;;;;;;;;;;;;;
1,06E-3;-6,00E-3;-6,00E-3;;;;;;;;;;;;;;
1,07E-3;-6,00E-3;-6,00E-3;;;;;;;;;;;;;;
1,08E-3;-6,00E-3;-2,00E-3;;;;;;;;;;;;;;
1,09E-3;-6,00E-3;-2,00E-3;;;;;;;;;;;;;;
1,10E-3;-6,00E-3;-6,00E-3;;;;;;;;;;;;;;
1,11E-3;-6,00E-3;-6,00E-3;;;;;;;;;;;;;;
1,12E-3;-2,00E-3;-2,00E-3;;;;;;;;;;;;;;
1,13E-3;-2,00E-3;-6,00E-3;;;;;;;;;;;;;;
1,14E-3;-6,00E-3;-6,00E-3;;;;;;;;;;;;;;
1,15E-3;-6,00E-3;-6,00E-3;;;;;;;;;;;;;;
1,16E-3;-6,00E-3;-6,00E-3;;;;;;;;;;;;;;
1,17E-3;-2,00E-3;-6,00E-3;;;;;;;;;;;;;;
1,18E-3;-6,00E-3;-6,00E-3;;;;;;;;;;;;;;
1,19E-3;-6,00E-3;-6,00E-3;;;;;;;;;;;;;;
1,20E-3;-2,00E-3;-6,00E-3;;;;;;;;;;;;;;
1,21E-3;-2,00E-3;-6,00E-3;;;;;;;;;;;;;;
1,22E-3;-6,00E-3;-6,00E-3;;;;;;;;;;;;;;
1,23E-3;-2,00E-3;-6,00E-3;;;;;;;;;;;;;;
1,24E-3;-2,00E-3;-6,00E-3;;;;;;;;;;;;;;
1,25E-3;-6,00E-3;-6,00E-3;;;;;;;;;;;;;;
1,26E-3;-2,00E-3;-6,00E-3;;;;;;;;;;;;;;
1,27E-3;-6,00E-3;-6,00E-3;;;;;;;;;;;;;;
1,28E-3;-6,00E-3;-6,00E-3;;;;;;;;;;;;;;
1,29E-3;-1,00E-2;-1,00E-2;;;;;;;;;;;;;;
1,30E-3;-1,00E-2;-1,00E-2;;;;;;;;;;;;;;
1,31E-3;-1,40E-2;-1,00E-2;;;;;;;;;;;;;;
1,32E-3;-1,00E-2;-6,00E-3;;;;;;;;;;;;;;
1,33E-3;-1,00E-2;-6,00E-3;;;;;;;;;;;;;;
1,34E-3;-1,40E-2;-1,00E-2;;;;;;;;;;;;;;
1,35E-3;-1,40E-2;-1,00E-2;;;;;;;;;;;;;;
1,36E-3;-1,00E-2;-6,00E-3;;;;;;;;;;;;;;
1,37E-3;-1,40E-2;-1,00E-2;;;;;;;;;;;;;;
1,38E-3;-1,00E-2;-1,00E-2;;;;;;;;;;;;;;
1,39E-3;-1,00E-2;-6,00E-3;;;;;;;;;;;;;;
1,40E-3;-1,40E-2;-1,00E-2;;;;;;;;;;;;;;
1,41E-3;-1,00E-2;-1,00E-2;;;;;;;;;;;;;;
1,42E-3;-1,40E-2;-1,00E-2;;;;;;;;;;;;;;
1,43E-3;-1,40E-2;-1,40E-2;;;;;;;;;;;;;;
1,44E-3;-1,40E-2;-1,40E-2;;;;;;;;;;;;;;
1,45E-3;-1,40E-2;-1,80E-2;;;;;;;;;;;;;;
1,46E-3;-1,40E-2;-1,40E-2;;;;;;;;;;;;;;
1,47E-3;-1,80E-2;-1,80E-2;;;;;;;;;;;;;;
1,48E-3;-1,40E-2;-1,40E-2;;;;;;;;;;;;;;
1,49E-3;-1,40E-2;-1,40E-2;;;;;;;;;;;;;;
1,50E-3;-1,40E-2;-1,40E-2;;;;;;;;;;;;;;
1,51E-3;-1,40E-2;-1,80E-2;;;;;;;;;;;;;;
1,52E-3;-1,40E-2;-1,80E-2;;;;;;;;;;;;;;
1,53E-3;-1,40E-2;-2,00E-2;;;;;;;;;;;;;;
1,54E-3;-1,80E-2;-2,00E-2;;;;;;;;;;;;;;
1,55E-3;-2,00E-2;-2,40E-2;;;;;;;;;;;;;;
1,56E-3;-1,80E-2;-2,00E-2;;;;;;;;;;;;;;
1,57E-3;-1,80E-2;-2,00E-2;;;;;;;;;;;;;;
1,58E-3;-1,80E-2;-2,00E-2;;;;;;;;;;;;;;
1,59E-3;-2,80E-2;-2,80E-2;;;;;;;;;;;;;;
1,60E-3;-1,80E-2;-2,00E-2;;;;;;;;;;;;;;
1,61E-3;-1,80E-2;-2,00E-2;;;;;;;;;;;;;;
1,62E-3;-1,80E-2;-2,00E-2;;;;;;;;;;;;;;
1,63E-3;-1,40E-2;-1,80E-2;;;;;;;;;;;;;;
1,64E-3;-1,80E-2;-1,80E-2;;;;;;;;;;;;;;
1,65E-3;-2,00E-2;-2,40E-2;;;;;;;;;;;;;;
1,66E-3;-1,80E-2;-2,00E-2;;;;;;;;;;;;;;
1,67E-3;-1,80E-2;-2,00E-2;;;;;;;;;;;;;;
1,68E-3;-2,00E-2;-2,00E-2;;;;;;;;;;;;;;
1,69E-3;-1,80E-2;-1,80E-2;;;;;;;;;;;;;;
1,70E-3;-1,80E-2;-1,80E-2;;;;;;;;;;;;;;
1,71E-3;-1,80E-2;-1,80E-2;;;;;;;;;;;;;;
1,72E-3;-1,80E-2;-1,80E-2;;;;;;;;;;;;;;
1,73E-3;-1,80E-2;-2,00E-2;;;;;;;;;;;;;;
1,74E-3;-1,80E-2;-2,00E-2;;;;;;;;;;;;;;
1,75E-3;-1,80E-2;-1,80E-2;;;;;;;;;;;;;;
1,76E-3;-1,80E-2;-2,40E-2;;;;;;;;;;;;;;
1,77E-3;-2,00E-2;-2,40E-2;;;;;;;;;;;;;;
1,78E-3;-1,80E-2;-2,00E-2;;;;;;;;;;;;;;
1,79E-3;-2,00E-2;-2,40E-2;;;;;;;;;;;;;;
1,80E-3;-1,80E-2;-2,00E-2;;;;;;;;;;;;;;
1,81E-3;-1,80E-2;-2,40E-2;;;;;;;;;;;;;;
1,82E-3;-2,40E-2;-2,80E-2;;;;;;;;;;;;;;
1,83E-3;-2,00E-2;-2,40E-2;;;;;;;;;;;;;;
1,84E-3;-1,80E-2;-2,00E-2;;;;;;;;;;;;;;
1,85E-3;-1,80E-2;-2,40E-2;;;;;;;;;;;;;;
1,86E-3;-3,20E-2;-3,20E-2;;;;;;;;;;;;;;
1,87E-3;-1,80E-2;-2,00E-2;;;;;;;;;;;;;;
1,88E-3;-1,80E-2;-2,00E-2;;;;;;;;;;;;;;
1,89E-3;-1,80E-2;-2,00E-2;;;;;;;;;;;;;;
1,90E-3;-1,80E-2;-2,40E-2;;;;;;;;;;;;;;
1,91E-3;-2,00E-2;-2,40E-2;;;;;;;;;;;;;;
1,92E-3;-2,00E-2;-2,40E-2;;;;;;;;;;;;;;
1,93E-3;-2,00E-2;-2,40E-2;;;;;;;;;;;;;;
1,94E-3;-2,00E-2;-2,40E-2;;;;;;;;;;;;;;
1,95E-3;-2,00E-2;-2,00E-2;;;;;;;;;;;;;;
1,96E-3;-2,00E-2;-2,00E-2;;;;;;;;;;;;;;
1,97E-3;-2,40E-2;-2,00E-2;;;;;;;;;;;;;;
1,98E-3;-2,40E-2;-1,80E-2;;;;;;;;;;;;;;
1,99E-3;-2,40E-2;-2,00E-2;;;;;;;;;;;;;;
2,00E-3;-1,80E-2;-1,40E-2;;;;;;;;;;;;;;
2,01E-3;-1,80E-2;-1,40E-2;;;;;;;;;;;;;;
2,02E-3;-1,80E-2;-1,40E-2;;;;;;;;;;;;;;
2,03E-3;-2,00E-2;-1,80E-2;;;;;;;;;;;;;;
2,04E-3;-2,00E-2;-1,80E-2;;;;;;;;;;;;;;
2,05E-3;-1,80E-2;-1,40E-2;;;;;;;;;;;;;;
2,06E-3;-1,80E-2;-1,80E-2;;;;;;;;;;;;;;
2,07E-3;-1,80E-2;-1,40E-2;;;;;;;;;;;;;;
2,08E-3;-1,80E-2;-1,40E-2;;;;;;;;;;;;;;
2,09E-3;-1,80E-2;-1,40E-2;;;;;;;;;;;;;;
2,10E-3;-1,80E-2;-1,00E-2;;;;;;;;;;;;;;
2,11E-3;-1,80E-2;-1,80E-2;;;;;;;;;;;;;;
2,12E-3;-1,80E-2;-1,40E-2;;;;;;;;;;;;;;
2,13E-3;-1,40E-2;-1,80E-2;;;;;;;;;;;;;;
2,14E-3;-1,40E-2;-1,80E-2;;;;;;;;;;;;;;
2,15E-3;-1,40E-2;-1,80E-2;;;;;;;;;;;;;;
2,16E-3;-1,40E-2;-2,00E-2;;;;;;;;;;;;;;
2,17E-3;-1,80E-2;-2,00E-2;;;;;;;;;;;;;;
2,18E-3;-1,80E-2;-2,00E-2;;;;;;;;;;;;;;
2,19E-3;-1,80E-2;-2,00E-2;;;;;;;;;;;;;;
2,20E-3;-1,80E-2;-2,40E-2;;;;;;;;;;;;;;
2,21E-3;-1,80E-2;-2,40E-2;;;;;;;;;;;;;;
2,22E-3;-1,80E-2;-2,40E-2;;;;;;;;;;;;;;
2,23E-3;-2,00E-3;-1,40E-2;;;;;;;;;;;;;;
2,24E-3;-2,00E-2;-2,40E-2;;;;;;;;;;;;;;
2,25E-3;-2,00E-2;-2,80E-2;;;;;;;;;;;;;;
2,26E-3;-1,80E-2;-2,40E-2;;;;;;;;;;;;;;
2,27E-3;-1,80E-2;-2,40E-2;;;;;;;;;;;;;;
2,28E-3;-1,80E-2;-2,40E-2;;;;;;;;;;;;;;
2,29E-3;-2,00E-2;-2,80E-2;;;;;;;;;;;;;;
2,30E-3;-2,00E-2;-3,20E-2;;;;;;;;;;;;;;
2,31E-3;-2,00E-2;-3,20E-2;;;;;;;;;;;;;;
2,32E-3;-1,80E-2;-2,80E-2;;;;;;;;;;;;;;
2,33E-3;-2,00E-2;-3,20E-2;;;;;;;;;;;;;;
2,34E-3;-2,00E-2;-3,20E-2;;;;;;;;;;;;;;
2,35E-3;-2,00E-2;-3,20E-2;;;;;;;;;;;;;;
2,36E-3;-2,40E-2;-3,20E-2;;;;;;;;;;;;;;
2,37E-3;-2,00E-2;-3,20E-2;;;;;;;;;;;;;;
2,38E-3;-1,80E-2;-3,20E-2;;;;;;;;;;;;;;
2,39E-3;-2,00E-2;-3,20E-2;;;;;;;;;;;;;;
2,40E-3;-2,00E-2;-3,60E-2;;;;;;;;;;;;;;
2,41E-3;-2,00E-2;-3,20E-2;;;;;;;;;;;;;;
2,42E-3;-2,40E-2;-3,60E-2;;;;;;;;;;;;;;
2,43E-3;-2,80E-2;-3,60E-2;;;;;;;;;;;;;;
2,44E-3;-2,40E-2;-3,20E-2;;;;;;;;;;;;;;
2,45E-3;-2,40E-2;-3,20E-2;;;;;;;;;;;;;;
2,46E-3;-2,80E-2;-3,20E-2;;;;;;;;;;;;;;
2,47E-3;-2,40E-2;-3,20E-2;;;;;;;;;;;;;;
2,48E-3;-2,40E-2;-3,20E-2;;;;;;;;;;;;;;
2,49E-3;-2,40E-2;-3,20E-2;;;;;;;;;;;;;;
2,50E-3;-2,40E-2;-2,80E-2;;;;;;;;;;;;;;
2,51E-3;-2,40E-2;-2,80E-2;;;;;;;;;;;;;;
2,52E-3;-2,40E-2;-2,40E-2;;;;;;;;;;;;;;
2,53E-3;-2,40E-2;-2,40E-2;;;;;;;;;;;;;;
2,54E-3;-2,40E-2;-2,80E-2;;;;;;;;;;;;;;
2,55E-3;-2,40E-2;-2,40E-2;;;;;;;;;;;;;;
2,56E-3;-2,40E-2;-2,80E-2;;;;;;;;;;;;;;
2,57E-3;-2,40E-2;-2,80E-2;;;;;;;;;;;;;;
2,58E-3;-2,40E-2;-2,80E-2;;;;;;;;;;;;;;
2,59E-3;-2,40E-2;-2,40E-2;;;;;;;;;;;;;;
2,60E-3;-2,40E-2;-2,80E-2;;;;;;;;;;;;;;
2,61E-3;-2,40E-2;-2,40E-2;;;;;;;;;;;;;;
2,62E-3;-1,80E-2;-1,80E-2;;;;;;;;;;;;;;
2,63E-3;-2,00E-2;-2,40E-2;;;;;;;;;;;;;;
2,64E-3;-2,00E-2;-2,40E-2;;;;;;;;;;;;;;
2,65E-3;-2,00E-2;-2,80E-2;;;;;;;;;;;;;;
2,66E-3;-2,00E-2;-2,40E-2;;;;;;;;;;;;;;
2,67E-3;-2,40E-2;-2,80E-2;;;;;;;;;;;;;;
2,68E-3;-2,00E-2;-2,80E-2;;;;;;;;;;;;;;
2,69E-3;-2,40E-2;-2,80E-2;;;;;;;;;;;;;;
2,70E-3;-2,00E-2;-2,80E-2;;;;;;;;;;;;;;
2,71E-3;-2,00E-2;-3,20E-2;;;;;;;;;;;;;;
2,72E-3;-2,00E-2;-3,20E-2;;;;;;;;;;;;;;
2,73E-3;-2,40E-2;-3,60E-2;;;;;;;;;;;;;;
2,74E-3;-2,00E-2;-3,20E-2;;;;;;;;;;;;;;
2,75E-3;-2,40E-2;-3,20E-2;;;;;;;;;;;;;;
2,76E-3;-2,00E-2;-2,80E-2;;;;;;;;;;;;;;
2,77E-3;-2,00E-2;-3,20E-2;;;;;;;;;;;;;;
2,78E-3;-2,00E-2;-2,80E-2;;;;;;;;;;;;;;
2,79E-3;-2,00E-2;-2,80E-2;;;;;;;;;;;;;;
2,80E-3;-2,40E-2;-2,80E-2;;;;;;;;;;;;;;
2,81E-3;-2,40E-2;-3,20E-2;;;;;;;;;;;;;;
2,82E-3;-2,40E-2;-2,80E-2;;;;;;;;;;;;;;
2,83E-3;-2,40E-2;-2,80E-2;;;;;;;;;;;;;;
2,84E-3;-2,40E-2;-2,80E-2;;;;;;;;;;;;;;
2,85E-3;-2,40E-2;-2,80E-2;;;;;;;;;;;;;;
2,86E-3;-2,80E-2;-2,80E-2;;;;;;;;;;;;;;
2,87E-3;-2,40E-2;-3,20E-2;;;;;;;;;;;;;;
2,88E-3;-2,40E-2;-3,20E-2;;;;;;;;;;;;;;
2,89E-3;-2,40E-2;-3,20E-2;;;;;;;;;;;;;;
2,90E-3;-2,80E-2;-2,80E-2;;;;;;;;;;;;;;
2,91E-3;-2,40E-2;-2,80E-2;;;;;;;;;;;;;;
2,92E-3;-2,80E-2;-3,20E-2;;;;;;;;;;;;;;
2,93E-3;-2,00E-2;-2,80E-2;;;;;;;;;;;;;;
2,94E-3;-2,40E-2;-2,80E-2;;;;;;;;;;;;;;
2,95E-3;-2,40E-2;-2,80E-2;;;;;;;;;;;;;;
2,96E-3;-1,80E-2;-2,80E-2;;;;;;;;;;;;;;
2,97E-3;-2,00E-2;-2,80E-2;;;;;;;;;;;;;;
2,98E-3;-2,00E-2;-2,80E-2;;;;;;;;;;;;;;
2,99E-3;-2,00E-2;-2,40E-2;;;;;;;;;;;;;;
3,00E-3;-2,80E-2;-2,80E-2;;;;;;;;;;;;;;
3,01E-3;-2,00E-2;-2,40E-2;;;;;;;;;;;;;;
3,02E-3;-1,80E-2;-2,40E-2;;;;;;;;;;;;;;
3,03E-3;-2,00E-2;-2,40E-2;;;;;;;;;;;;;;
3,04E-3;-1,80E-2;-2,40E-2;;;;;;;;;;;;;;
3,05E-3;-1,80E-2;-2,40E-2;;;;;;;;;;;;;;
3,06E-3;-2,00E-2;-2,40E-2;;;;;;;;;;;;;;
3,07E-3;-2,40E-2;-2,80E-2;;;;;;;;;;;;;;
3,08E-3;-2,40E-2;-2,80E-2;;;;;;;;;;;;;;
3,09E-3;-2,00E-2;-2,80E-2;;;;;;;;;;;;;;
3,10E-3;-1,80E-2;-1,80E-2;;;;;;;;;;;;;;
3,11E-3;-2,00E-2;-2,80E-2;;;;;;;;;;;;;;
3,12E-3;-2,00E-2;-2,40E-2;;;;;;;;;;;;;;
3,13E-3;-2,00E-2;-2,40E-2;;;;;;;;;;;;;;
3,14E-3;-1,80E-2;-2,40E-2;;;;;;;;;;;;;;
3,15E-3;-1,80E-2;-2,00E-2;;;;;;;;;;;;;;
3,16E-3;-1,80E-2;-2,40E-2;;;;;;;;;;;;;;
3,17E-3;-1,80E-2;-2,00E-2;;;;;;;;;;;;;;
3,18E-3;-1,80E-2;-2,00E-2;;;;;;;;;;;;;;
3,19E-3;-2,00E-2;-2,00E-2;;;;;;;;;;;;;;
3,20E-3;-1,80E-2;-1,40E-2;;;;;;;;;;;;;;
3,21E-3;-1,80E-2;-2,00E-2;;;;;;;;;;;;;;
3,22E-3;-2,00E-2;-2,00E-2;;;;;;;;;;;;;;
3,23E-3;-1,00E-2;-6,00E-3;;;;;;;;;;;;;;
3,24E-3;-2,00E-2;-2,40E-2;;;;;;;;;;;;;;
3,25E-3;-2,00E-2;-2,00E-2;;;;;;;;;;;;;;
3,26E-3;-2,00E-2;-2,00E-2;;;;;;;;;;;;;;
3,27E-3;-2,00E-2;-2,00E-2;;;;;;;;;;;;;;
3,28E-3;-2,00E-2;-2,40E-2;;;;;;;;;;;;;;
3,29E-3;-1,80E-2;-2,00E-2;;;;;;;;;;;;;;
3,30E-3;-1,80E-2;-1,80E-2;;;;;;;;;;;;;;
3,31E-3;-1,80E-2;-1,80E-2;;;;;;;;;;;;;;
3,32E-3;-1,80E-2;-1,80E-2;;;;;;;;;;;;;;
3,33E-3;-1,80E-2;-1,80E-2;;;;;;;;;;;;;;
3,34E-3;-1,80E-2;-1,80E-2;;;;;;;;;;;;;;
3,35E-3;-2,00E-2;-1,80E-2;;;;;;;;;;;;;;
3,36E-3;-1,80E-2;-1,00E-2;;;;;;;;;;;;;;
3,37E-3;-1,80E-2;-1,40E-2;;;;;;;;;;;;;;
3,38E-3;-1,80E-2;-1,40E-2;;;;;;;;;;;;;;
3,39E-3;-1,80E-2;-1,40E-2;;;;;;;;;;;;;;
3,40E-3;-1,80E-2;-1,00E-2;;;;;;;;;;;;;;
3,41E-3;-1,80E-2;-1,40E-2;;;;;;;;;;;;;;
3,42E-3;-1,40E-2;-1,40E-2;;;;;;;;;;;;;;
3,43E-3;-1,40E-2;-1,00E-2;;;;;;;;;;;;;;
3,44E-3;-1,40E-2;-1,00E-2;;;;;;;;;;;;;;
3,45E-3;-1,40E-2;-1,40E-2;;;;;;;;;;;;;;
3,46E-3;-1,80E-2;-1,40E-2;;;;;;;;;;;;;;
3,47E-3;-1,40E-2;-1,40E-2;;;;;;;;;;;;;;
3,48E-3;-1,40E-2;-1,00E-2;;;;;;;;;;;;;;
3,49E-3;-1,40E-2;-1,40E-2;;;;;;;;;;;;;;
3,50E-3;-1,40E-2;-1,00E-2;;;;;;;;;;;;;;
3,51E-3;-1,40E-2;-1,00E-2;;;;;;;;;;;;;;
3,52E-3;-1,40E-2;-1,00E-2;;;;;;;;;;;;;;
3,53E-3;-1,40E-2;-1,00E-2;;;;;;;;;;;;;;
3,54E-3;-1,40E-2;-1,00E-2;;;;;;;;;;;;;;
3,55E-3;-1,40E-2;-1,00E-2;;;;;;;;;;;;;;
3,56E-3;-1,40E-2;-6,00E-3;;;;;;;;;;;;;;
3,57E-3;-1,40E-2;-1,00E-2;;;;;;;;;;;;;;
3,58E-3;-1,80E-2;-1,00E-2;;;;;;;;;;;;;;
3,59E-3;-1,40E-2;-6,00E-3;;;;;;;;;;;;;;
3,60E-3;-1,80E-2;-6,00E-3;;;;;;;;;;;;;;
3,61E-3;-1,40E-2;-6,00E-3;;;;;;;;;;;;;;
3,62E-3;-1,40E-2;-6,00E-3;;;;;;;;;;;;;;
3,63E-3;-1,40E-2;-6,00E-3;;;;;;;;;;;;;;
3,64E-3;-1,40E-2;-2,00E-3;;;;;;;;;;;;;;
3,65E-3;-1,00E-2;-2,00E-3;;;;;;;;;;;;;;
3,66E-3;-1,40E-2;-2,00E-3;;;;;;;;;;;;;;
3,67E-3;-1,00E-2;-2,00E-3;;;;;;;;;;;;;;
3,68E-3;-6,00E-3;2,00E-3;;;;;;;;;;;;;;
3,69E-3;-6,00E-3;-2,00E-3;;;;;;;;;;;;;;
3,70E-3;-1,00E-2;-2,00E-3;;;;;;;;;;;;;;
3,71E-3;-1,00E-2;-2,00E-3;;;;;;;;;;;;;;
3,72E-3;-1,00E-2;-6,00E-3;;;;;;;;;;;;;;
3,73E-3;-1,00E-2;-2,00E-3;;;;;;;;;;;;;;
3,74E-3;-2,00E-3;-1,40E-2;;;;;;;;;;;;;;
3,75E-3;-1,00E-2;-1,00E-2;;;;;;;;;;;;;;
3,76E-3;-1,00E-2;-6,00E-3;;;;;;;;;;;;;;
3,77E-3;-6,00E-3;-6,00E-3;;;;;;;;;;;;;;
3,78E-3;-6,00E-3;-1,00E-2;;;;;;;;;;;;;;
3,79E-3;-2,00E-3;-1,40E-2;;;;;;;;;;;;;;
3,80E-3;-6,00E-3;-6,00E-3;;;;;;;;;;;;;;
3,81E-3;-6,00E-3;-1,00E-2;;;;;;;;;;;;;;
3,82E-3;-6,00E-3;-6,00E-3;;;;;;;;;;;;;;
3,83E-3;-1,00E-2;-1,00E-2;;;;;;;;;;;;;;
3,84E-3;-6,00E-3;-1,00E-2;;;;;;;;;;;;;;
3,85E-3;-1,00E-2;-1,00E-2;;;;;;;;;;;;;;
3,86E-3;-1,00E-2;-1,40E-2;;;;;;;;;;;;;;
3,87E-3;-2,00E-3;-2,00E-3;;;;;;;;;;;;;;
3,88E-3;-1,00E-2;-1,40E-2;;;;;;;;;;;;;;
3,89E-3;-1,00E-2;-1,00E-2;;;;;;;;;;;;;;
3,90E-3;-1,00E-2;-1,00E-2;;;;;;;;;;;;;;
3,91E-3;-1,40E-2;-1,00E-2;;;;;;;;;;;;;;
3,92E-3;-1,00E-2;-1,00E-2;;;;;;;;;;;;;;
3,93E-3;-1,40E-2;-1,40E-2;;;;;;;;;;;;;;
3,94E-3;-1,40E-2;-1,00E-2;;;;;;;;;;;;;;
3,95E-3;-1,40E-2;-1,40E-2;;;;;;;;;;;;;;
3,96E-3;-1,40E-2;-1,00E-2;;;;;;;;;;;;;;
3,97E-3;-1,40E-2;-1,00E-2;;;;;;;;;;;;;;
3,98E-3;-1,40E-2;-1,00E-2;;;;;;;;;;;;;;
3,99E-3;-1,80E-2;-1,00E-2;;;;;;;;;;;;;;
4,00E-3;-5,00E-2;-3,20E-2;;;;;;;;;;;;;;
4,01E-3;-1,40E-2;-1,00E-2;;;;;;;;;;;;;;
4,02E-3;-1,40E-2;-6,00E-3;;;;;;;;;;;;;;
4,03E-3;-1,00E-2;-6,00E-3;;;;;;;;;;;;;;
4,04E-3;-1,40E-2;-6,00E-3;;;;;;;;;;;;;;
4,05E-3;-1,00E-2;-6,00E-3;;;;;;;;;;;;;;
4,06E-3;-6,00E-3;2,00E-3;;;;;;;;;;;;;;
4,07E-3;-1,00E-2;-6,00E-3;;;;;;;;;;;;;;
4,08E-3;-1,00E-2;-6,00E-3;;;;;;;;;;;;;;
4,09E-3;-1,00E-2;-6,00E-3;;;;;;;;;;;;;;
4,10E-3;-1,00E-2;-6,00E-3;;;;;;;;;;;;;;
4,11E-3;-6,00E-3;-6,00E-3;;;;;;;;;;;;;;
4,12E-3;-6,00E-3;-6,00E-3;;;;;;;;;;;;;;
4,13E-3;-1,00E-2;-1,00E-2;;;;;;;;;;;;;;
4,14E-3;-1,00E-2;-1,00E-2;;;;;;;;;;;;;;
4,15E-3;-1,00E-2;-1,00E-2;;;;;;;;;;;;;;
4,16E-3;-1,00E-2;-1,00E-2;;;;;;;;;;;;;;
4,17E-3;-6,00E-3;-1,00E-2;;;;;;;;;;;;;;
4,18E-3;-1,00E-2;-1,00E-2;;;;;;;;;;;;;;
4,19E-3;-1,40E-2;-1,40E-2;;;;;;;;;;;;;;
4,20E-3;-1,00E-2;-1,00E-2;;;;;;;;;;;;;;
4,21E-3;-1,00E-2;-1,40E-2;;;;;;;;;;;;;;
4,22E-3;-1,40E-2;-1,40E-2;;;;;;;;;;;;;;
4,23E-3;-6,80E-2;-7,20E-2;;;;;;;;;;;;;;
4,24E-3;-1,00E-2;-1,40E-2;;;;;;;;;;;;;;
4,25E-3;-1,40E-2;-1,40E-2;;;;;;;;;;;;;;
4,26E-3;-1,40E-2;-1,40E-2;;;;;;;;;;;;;;
4,27E-3;-1,40E-2;-1,40E-2;;;;;;;;;;;;;;
4,28E-3;-1,40E-2;-1,40E-2;;;;;;;;;;;;;;
4,29E-3;-1,00E-2;-1,00E-2;;;;;;;;;;;;;;
4,30E-3;-1,00E-2;-1,00E-2;;;;;;;;;;;;;;
4,31E-3;-1,00E-2;-6,00E-3;;;;;;;;;;;;;;
4,32E-3;-1,00E-2;-1,00E-2;;;;;;;;;;;;;;
4,33E-3;-1,40E-2;-1,40E-2;;;;;;;;;;;;;;
4,34E-3;-1,40E-2;-1,80E-2;;;;;;;;;;;;;;
4,35E-3;-1,00E-2;-1,40E-2;;;;;;;;;;;;;;
4,36E-3;-6,00E-3;-1,40E-2;;;;;;;;;;;;;;
4,37E-3;-1,00E-2;-1,40E-2;;;;;;;;;;;;;;
4,38E-3;-1,40E-2;-2,00E-2;;;;;;;;;;;;;;
4,39E-3;-1,00E-2;-1,80E-2;;;;;;;;;;;;;;
4,40E-3;-1,00E-2;-1,40E-2;;;;;;;;;;;;;;
4,41E-3;-1,00E-2;-1,00E-2;;;;;;;;;;;;;;
4,42E-3;-1,40E-2;-2,00E-2;;;;;;;;;;;;;;
4,43E-3;-1,00E-2;-1,80E-2;;;;;;;;;;;;;;
4,44E-3;-1,00E-2;-1,40E-2;;;;;;;;;;;;;;
4,45E-3;-1,00E-2;-1,80E-2;;;;;;;;;;;;;;
4,46E-3;-1,00E-2;-1,80E-2;;;;;;;;;;;;;;
4,47E-3;-1,40E-2;-1,80E-2;;;;;;;;;;;;;;
4,48E-3;-1,40E-2;-1,80E-2;;;;;;;;;;;;;;
4,49E-3;-1,40E-2;-1,80E-2;;;;;;;;;;;;;;
4,50E-3;-1,40E-2;-1,80E-2;;;;;;;;;;;;;;
4,51E-3;-1,00E-2;-1,80E-2;;;;;;;;;;;;;;
4,52E-3;-1,00E-2;-1,40E-2;;;;;;;;;;;;;;
4,53E-3;-1,00E-2;-1,40E-2;;;;;;;;;;;;;;
4,54E-3;-1,40E-2;-1,40E-2;;;;;;;;;;;;;;
4,55E-3;-1,40E-2;-1,00E-2;;;;;;;;;;;;;;
4,56E-3;-6,00E-3;-1,00E-2;;;;;;;;;;;;;;
4,57E-3;-1,00E-2;-1,00E-2;;;;;;;;;;;;;;
4,58E-3;-1,00E-2;-6,00E-3;;;;;;;;;;;;;;
4,59E-3;-1,00E-2;-1,00E-2;;;;;;;;;;;;;;
4,60E-3;-1,00E-2;-6,00E-3;;;;;;;;;;;;;;
4,61E-3;-1,00E-2;-1,00E-2;;;;;;;;;;;;;;
4,62E-3;-1,40E-2;-1,00E-2;;;;;;;;;;;;;;
4,63E-3;-1,00E-2;-1,00E-2;;;;;;;;;;;;;;
4,64E-3;-1,00E-2;-1,00E-2;;;;;;;;;;;;;;
4,65E-3;-1,00E-2;-1,40E-2;;;;;;;;;;;;;;
4,66E-3;-1,00E-2;-1,00E-2;;;;;;;;;;;;;;
4,67E-3;-1,00E-2;-1,00E-2;;;;;;;;;;;;;;
4,68E-3;-6,00E-3;-1,00E-2;;;;;;;;;;;;;;
4,69E-3;-6,00E-3;-1,00E-2;;;;;;;;;;;;;;
4,70E-3;-6,00E-3;-1,00E-2;;;;;;;;;;;;;;
4,71E-3;-6,00E-3;-1,00E-2;;;;;;;;;;;;;;
4,72E-3;-6,00E-3;-1,00E-2;;;;;;;;;;;;;;
4,73E-3;-6,00E-3;-1,00E-2;;;;;;;;;;;;;;
4,74E-3;-6,00E-3;-1,00E-2;;;;;;;;;;;;;;
4,75E-3;-6,00E-3;-1,00E-2;;;;;;;;;;;;;;
4,76E-3;-6,00E-3;-1,00E-2;;;;;;;;;;;;;;
4,77E-3;-1,00E-2;-1,40E-2;;;;;;;;;;;;;;
4,78E-3;-1,00E-2;-1,00E-2;;;;;;;;;;;;;;
4,79E-3;-6,00E-3;-1,00E-2;;;;;;;;;;;;;;
4,80E-3;-1,00E-2;-1,40E-2;;;;;;;;;;;;;;
4,81E-3;-6,00E-3;-1,40E-2;;;;;;;;;;;;;;
4,82E-3;-1,00E-2;-1,40E-2;;;;;;;;;;;;;;
4,83E-3;-6,00E-3;-1,40E-2;;;;;;;;;;;;;;
4,84E-3;-1,00E-2;-1,40E-2;;;;;;;;;;;;;;
4,85E-3;-1,00E-2;-1,80E-2;;;;;;;;;;;;;;
4,86E-3;-1,00E-2;-1,40E-2;;;;;;;;;;;;;;
4,87E-3;-1,00E-2;-1,40E-2;;;;;;;;;;;;;;
4,88E-3;-1,00E-2;-1,80E-2;;;;;;;;;;;;;;
4,89E-3;-1,40E-2;-1,40E-2;;;;;;;;;;;;;;
4,90E-3;-3,20E-2;-3,60E-2;;;;;;;;;;;;;;
4,91E-3;-1,00E-2;-1,40E-2;;;;;;;;;;;;;;
4,92E-3;-1,00E-2;-1,80E-2;;;;;;;;;;;;;;
4,93E-3;-1,00E-2;-1,40E-2;;;;;;;;;;;;;;
4,94E-3;-1,00E-2;-1,40E-2;;;;;;;;;;;;;;
4,95E-3;-1,40E-2;-1,80E-2;;;;;;;;;;;;;;
4,96E-3;-6,00E-3;-1,40E-2;;;;;;;;;;;;;;
4,97E-3;-1,00E-2;-1,80E-2;;;;;;;;;;;;;;
4,98E-3;-1,40E-2;-1,80E-2;;;;;;;;;;;;;;
4,99E-3;-1,00E-2;-1,80E-2;;;;;;;;;;;;;;
5,00E-3;-1,00E-2;-1,40E-2;;;;;;;;;;;;;;
5,01E-3;-1,00E-2;-1,80E-2;;;;;;;;;;;;;;
5,02E-3;-1,00E-2;-1,40E-2;;;;;;;;;;;;;;
5,03E-3;-1,40E-2;-2,80E-2;;;;;;;;;;;;;;
5,04E-3;-1,00E-2;-1,40E-2;;;;;;;;;;;;;;
5,05E-3;-1,00E-2;-1,40E-2;;;;;;;;;;;;;;
5,06E-3;-1,00E-2;-1,40E-2;;;;;;;;;;;;;;
5,07E-3;-1,00E-2;-1,40E-2;;;;;;;;;;;;;;
5,08E-3;-2,40E-2;-2,00E-2;;;;;;;;;;;;;;
5,09E-3;-1,00E-2;-1,00E-2;;;;;;;;;;;;;;
5,10E-3;-1,00E-2;-1,40E-2;;;;;;;;;;;;;;
5,11E-3;-2,80E-2;-2,80E-2;;;;;;;;;;;;;;
5,12E-3;-1,40E-2;-1,00E-2;;;;;;;;;;;;;;
5,13E-3;-1,00E-2;-1,40E-2;;;;;;;;;;;;;;
5,14E-3;-1,00E-2;-1,00E-2;;;;;;;;;;;;;;
5,15E-3;-1,00E-2;-1,00E-2;;;;;;;;;;;;;;
5,16E-3;-1,40E-2;-1,40E-2;;;;;;;;;;;;;;
5,17E-3;-1,00E-2;-1,00E-2;;;;;;;;;;;;;;
5,18E-3;-1,00E-2;-6,00E-3;;;;;;;;;;;;;;
5,19E-3;-6,00E-3;-6,00E-3;;;;;;;;;;;;;;
5,20E-3;-2,00E-3;-6,00E-3;;;;;;;;;;;;;;
5,21E-3;-2,00E-2;-2,40E-2;;;;;;;;;;;;;;
5,22E-3;-6,00E-3;-6,00E-3;;;;;;;;;;;;;;
5,23E-3;-6,00E-3;-6,00E-3;;;;;;;;;;;;;;
5,24E-3;2,00E-3;-2,00E-3;;;;;;;;;;;;;;
5,25E-3;-6,00E-3;-1,00E-2;;;;;;;;;;;;;;
5,26E-3;-6,00E-3;-1,00E-2;;;;;;;;;;;;;;
5,27E-3;-6,00E-3;-1,00E-2;;;;;;;;;;;;;;
5,28E-3;-6,00E-3;-1,00E-2;;;;;;;;;;;;;;
5,29E-3;1,60E-2;1,20E-2;;;;;;;;;;;;;;
5,30E-3;-6,00E-3;-1,40E-2;;;;;;;;;;;;;;
5,31E-3;-6,00E-3;-1,00E-2;;;;;;;;;;;;;;
5,32E-3;-6,00E-3;-1,00E-2;;;;;;;;;;;;;;
5,33E-3;-6,00E-3;-1,40E-2;;;;;;;;;;;;;;
5,34E-3;-1,80E-2;-2,00E-2;;;;;;;;;;;;;;
5,35E-3;-6,00E-3;-1,40E-2;;;;;;;;;;;;;;
5,36E-3;-1,00E-2;-1,80E-2;;;;;;;;;;;;;;
5,37E-3;-1,00E-2;-1,80E-2;;;;;;;;;;;;;;
5,38E-3;-1,00E-2;-1,40E-2;;;;;;;;;;;;;;
5,39E-3;-1,40E-2;-1,00E-2;;;;;;;;;;;;;;
5,40E-3;-6,00E-3;-1,40E-2;;;;;;;;;;;;;;
5,41E-3;-6,00E-3;-1,40E-2;;;;;;;;;;;;;;
5,42E-3;-1,80E-2;-1,00E-2;;;;;;;;;;;;;;
5,43E-3;-6,00E-3;-1,40E-2;;;;;;;;;;;;;;
5,44E-3;-6,00E-3;-1,00E-2;;;;;;;;;;;;;;
5,45E-3;-1,00E-2;-1,40E-2;;;;;;;;;;;;;;
5,46E-3;-6,00E-3;-1,40E-2;;;;;;;;;;;;;;
5,47E-3;-2,00E-3;-2,00E-3;;;;;;;;;;;;;;
5,48E-3;-1,00E-2;-1,80E-2;;;;;;;;;;;;;;
5,49E-3;-6,00E-3;-1,40E-2;;;;;;;;;;;;;;
5,50E-3;-1,00E-2;-1,40E-2;;;;;;;;;;;;;;
5,51E-3;-6,00E-3;-1,80E-2;;;;;;;;;;;;;;
5,52E-3;-2,00E-2;-2,80E-2;;;;;;;;;;;;;;
5,53E-3;-6,00E-3;-1,40E-2;;;;;;;;;;;;;;
5,54E-3;-1,00E-2;-1,80E-2;;;;;;;;;;;;;;
5,55E-3;-2,80E-2;-2,80E-2;;;;;;;;;;;;;;
5,56E-3;-6,00E-3;-1,80E-2;;;;;;;;;;;;;;
5,57E-3;-6,00E-3;-1,80E-2;;;;;;;;;;;;;;
5,58E-3;-6,00E-3;-1,40E-2;;;;;;;;;;;;;;
5,59E-3;-6,00E-3;-1,40E-2;;;;;;;;;;;;;;
5,60E-3;-1,40E-2;-1,40E-2;;;;;;;;;;;;;;
5,61E-3;-1,00E-2;-1,40E-2;;;;;;;;;;;;;;
5,62E-3;-1,00E-2;-1,40E-2;;;;;;;;;;;;;;
5,63E-3;-1,00E-2;-1,00E-2;;;;;;;;;;;;;;
5,64E-3;-1,00E-2;-6,00E-3;;;;;;;;;;;;;;
5,65E-3;-1,80E-2;-1,40E-2;;;;;;;;;;;;;;
5,66E-3;-6,00E-3;-6,00E-3;;;;;;;;;;;;;;
5,67E-3;-1,00E-2;-1,00E-2;;;;;;;;;;;;;;
5,68E-3;-2,00E-2;-1,40E-2;;;;;;;;;;;;;;
5,69E-3;-6,00E-3;-2,00E-3;;;;;;;;;;;;;;
5,70E-3;-2,00E-3;-2,00E-3;;;;;;;;;;;;;;
5,71E-3;-2,00E-3;-2,00E-3;;;;;;;;;;;;;;
5,72E-3;-6,00E-3;-1,00E-2;;;;;;;;;;;;;;
5,73E-3;4,00E-3;2,00E-3;;;;;;;;;;;;;;
5,74E-3;-2,00E-3;-2,00E-3;;;;;;;;;;;;;;
5,75E-3;-2,00E-3;-2,00E-3;;;;;;;;;;;;;;
5,76E-3;-6,00E-3;-2,00E-3;;;;;;;;;;;;;;
5,77E-3;2,00E-3;2,00E-3;;;;;;;;;;;;;;
5,78E-3;-2,00E-3;-2,00E-3;;;;;;;;;;;;;;
5,79E-3;-6,00E-3;-2,00E-3;;;;;;;;;;;;;;
5,80E-3;-2,00E-3;-2,00E-3;;;;;;;;;;;;;;
5,81E-3;4,00E-3;4,00E-3;;;;;;;;;;;;;;
5,82E-3;-2,00E-3;2,00E-3;;;;;;;;;;;;;;
5,83E-3;-2,00E-3;2,00E-3;;;;;;;;;;;;;;
5,84E-3;2,00E-3;2,00E-3;;;;;;;;;;;;;;
5,85E-3;2,00E-3;2,00E-3;;;;;;;;;;;;;;
5,86E-3;-2,00E-3;-1,40E-2;;;;;;;;;;;;;;
5,87E-3;-2,00E-3;2,00E-3;;;;;;;;;;;;;;
5,88E-3;2,00E-3;2,00E-3;;;;;;;;;;;;;;
5,89E-3;-2,00E-3;-2,00E-3;;;;;;;;;;;;;;
5,90E-3;-2,00E-3;-2,00E-3;;;;;;;;;;;;;;
5,91E-3;-5,40E-2;-4,40E-2;;;;;;;;;;;;;;
5,92E-3;2,00E-3;-2,00E-3;;;;;;;;;;;;;;
5,93E-3;-2,00E-3;-2,00E-3;;;;;;;;;;;;;;
5,94E-3;-2,00E-3;-6,00E-3;;;;;;;;;;;;;;
5,95E-3;-2,00E-3;-2,00E-3;;;;;;;;;;;;;;
5,96E-3;2,00E-3;-2,00E-3;;;;;;;;;;;;;;
5,97E-3;2,00E-3;-2,00E-3;;;;;;;;;;;;;;
5,98E-3;2,00E-3;-2,00E-3;;;;;;;;;;;;;;
5,99E-3;2,60E-2;1,20E-2;;;;;;;;;;;;;;
6,00E-3;-2,00E-3;-6,00E-3;;;;;;;;;;;;;;
6,01E-3;-2,00E-3;-1,00E-2;;;;;;;;;;;;;;
6,02E-3;-2,00E-3;-6,00E-3;;;;;;;;;;;;;;
6,03E-3;-2,00E-3;-6,00E-3;;;;;;;;;;;;;;
6,04E-3;4,00E-3;-2,00E-3;;;;;;;;;;;;;;
6,05E-3;-2,00E-3;-6,00E-3;;;;;;;;;;;;;;
6,06E-3;-6,00E-3;-6,00E-3;;;;;;;;;;;;;;
6,07E-3;-2,00E-3;-2,00E-3;;;;;;;;;;;;;;
6,08E-3;-2,00E-3;-6,00E-3;;;;;;;;;;;;;;
6,09E-3;-2,00E-3;-2,00E-3;;;;;;;;;;;;;;
6,10E-3;-2,00E-3;2,00E-3;;;;;;;;;;;;;;
6,11E-3;-2,00E-3;2,00E-3;;;;;;;;;;;;;;
6,12E-3;1,20E-2;8,00E-3;;;;;;;;;;;;;;
6,13E-3;-2,00E-3;-2,00E-3;;;;;;;;;;;;;;
6,14E-3;-2,00E-3;-2,00E-3;;;;;;;;;;;;;;
6,15E-3;-2,00E-3;2,00E-3;;;;;;;;;;;;;;
6,16E-3;-2,00E-3;-2,00E-3;;;;;;;;;;;;;;
6,17E-3;-1,80E-2;-6,00E-3;;;;;;;;;;;;;;
6,18E-3;-2,00E-3;2,00E-3;;;;;;;;;;;;;;
6,19E-3;-2,00E-3;-2,00E-3;;;;;;;;;;;;;;
6,20E-3;-1,80E-2;-2,00E-2;;;;;;;;;;;;;;
6,21E-3;-2,00E-3;2,00E-3;;;;;;;;;;;;;;
6,22E-3;-2,00E-3;2,00E-3;;;;;;;;;;;;;;
6,23E-3;2,00E-3;2,00E-3;;;;;;;;;;;;;;
6,24E-3;2,00E-3;2,00E-3;;;;;;;;;;;;;;
6,25E-3;3,80E-2;3,40E-2;;;;;;;;;;;;;;
6,26E-3;2,00E-3;-2,00E-3;;;;;;;;;;;;;;
6,27E-3;-2,00E-3;-2,00E-3;;;;;;;;;;;;;;
6,28E-3;2,00E-3;2,00E-3;;;;;;;;;;;;;;
6,29E-3;2,00E-3;2,00E-3;;;;;;;;;;;;;;
6,30E-3;2,40E-2;4,00E-3;;;;;;;;;;;;;;
6,31E-3;-2,00E-3;-2,00E-3;;;;;;;;;;;;;;
6,32E-3;-2,00E-3;-2,00E-3;;;;;;;;;;;;;;
6,33E-3;4,00E-3;2,00E-3;;;;;;;;;;;;;;
6,34E-3;-2,00E-3;-2,00E-3;;;;;;;;;;;;;;
6,35E-3;-2,00E-3;-6,00E-3;;;;;;;;;;;;;;
6,36E-3;2,00E-3;2,00E-3;;;;;;;;;;;;;;
6,37E-3;2,00E-3;2,00E-3;;;;;;;;;;;;;;
6,38E-3;-2,00E-3;2,00E-3;;;;;;;;;;;;;;
6,39E-3;-2,00E-3;-2,00E-3;;;;;;;;;;;;;;
6,40E-3;-2,00E-3;-2,00E-3;;;;;;;;;;;;;;
6,41E-3;-2,00E-3;-2,00E-3;;;;;;;;;;;;;;
6,42E-3;-6,00E-3;-2,00E-3;;;;;;;;;;;;;;
6,43E-3;-2,00E-3;8,00E-3;;;;;;;;;;;;;;
6,44E-3;-2,00E-3;-2,00E-3;;;;;;;;;;;;;;
6,45E-3;-2,00E-3;2,00E-3;;;;;;;;;;;;;;
6,46E-3;-2,00E-3;8,00E-3;;;;;;;;;;;;;;
6,47E-3;-2,00E-3;2,00E-3;;;;;;;;;;;;;;
6,48E-3;-6,00E-3;-6,00E-3;;;;;;;;;;;;;;
6,49E-3;2,00E-3;2,00E-3;;;;;;;;;;;;;;
6,50E-3;-2,00E-3;-2,00E-3;;;;;;;;;;;;;;
6,51E-3;2,00E-3;-1,40E-2;;;;;;;;;;;;;;
6,52E-3;-2,00E-3;-2,00E-3;;;;;;;;;;;;;;
6,53E-3;2,00E-3;-6,00E-3;;;;;;;;;;;;;;
6,54E-3;-2,00E-3;-6,00E-3;;;;;;;;;;;;;;
6,55E-3;-2,00E-3;-6,00E-3;;;;;;;;;;;;;;
6,56E-3;2,00E-3;-2,00E-3;;;;;;;;;;;;;;
6,57E-3;-2,00E-3;-6,00E-3;;;;;;;;;;;;;;
6,58E-3;-2,00E-3;-1,00E-2;;;;;;;;;;;;;;
6,59E-3;2,00E-3;-6,00E-3;;;;;;;;;;;;;;
6,60E-3;-2,00E-3;-6,00E-3;;;;;;;;;;;;;;
6,61E-3;1,20E-2;1,20E-2;;;;;;;;;;;;;;
6,62E-3;-2,00E-3;-6,00E-3;;;;;;;;;;;;;;
6,63E-3;-2,00E-3;-6,00E-3;;;;;;;;;;;;;;
6,64E-3;-6,00E-3;-1,00E-2;;;;;;;;;;;;;;
6,65E-3;-2,00E-3;-2,00E-3;;;;;;;;;;;;;;
6,66E-3;-2,00E-3;-6,00E-3;;;;;;;;;;;;;;
6,67E-3;-6,00E-3;-6,00E-3;;;;;;;;;;;;;;
6,68E-3;-6,00E-3;-6,00E-3;;;;;;;;;;;;;;
6,69E-3;3,00E-2;2,60E-2;;;;;;;;;;;;;;
6,70E-3;-2,00E-3;-2,00E-3;;;;;;;;;;;;;;
6,71E-3;-2,00E-3;2,00E-3;;;;;;;;;;;;;;
6,72E-3;-2,00E-3;-2,00E-3;;;;;;;;;;;;;;
6,73E-3;-2,00E-3;-2,00E-3;;;;;;;;;;;;;;
6,74E-3;4,00E-3;4,00E-3;;;;;;;;;;;;;;
6,75E-3;-2,00E-3;-2,00E-3;;;;;;;;;;;;;;
6,76E-3;-2,00E-3;2,00E-3;;;;;;;;;;;;;;
6,77E-3;-2,00E-3;-2,00E-3;;;;;;;;;;;;;;
6,78E-3;-2,00E-3;2,00E-3;;;;;;;;;;;;;;
6,79E-3;-2,00E-3;2,00E-3;;;;;;;;;;;;;;
6,80E-3;-2,00E-3;2,00E-3;;;;;;;;;;;;;;
6,81E-3;2,00E-3;2,00E-3;;;;;;;;;;;;;;
6,82E-3;2,00E-3;4,00E-3;;;;;;;;;;;;;;
6,83E-3;-2,00E-3;-2,00E-3;;;;;;;;;;;;;;
6,84E-3;-2,00E-3;2,00E-3;;;;;;;;;;;;;;
6,85E-3;2,00E-3;4,00E-3;;;;;;;;;;;;;;
6,86E-3;2,00E-3;4,00E-3;;;;;;;;;;;;;;
6,87E-3;2,00E-3;4,00E-3;;;;;;;;;;;;;;
6,88E-3;2,00E-3;2,00E-3;;;;;;;;;;;;;;
6,89E-3;2,00E-3;2,00E-3;;;;;;;;;;;;;;
6,90E-3;-1,40E-2;-6,00E-3;;;;;;;;;;;;;;
6,91E-3;2,00E-3;2,00E-3;;;;;;;;;;;;;;
6,92E-3;-2,00E-3;2,00E-3;;;;;;;;;;;;;;
6,93E-3;-2,00E-3;-2,00E-3;;;;;;;;;;;;;;
6,94E-3;2,00E-3;2,00E-3;;;;;;;;;;;;;;
6,95E-3;2,00E-3;-1,00E-2;;;;;;;;;;;;;;
6,96E-3;2,00E-3;2,00E-3;;;;;;;;;;;;;;
6,97E-3;2,00E-3;2,00E-3;;;;;;;;;;;;;;
6,98E-3;2,00E-3;2,00E-3;;;;;;;;;;;;;;
6,99E-3;2,00E-3;2,00E-3;;;;;;;;;;;;;;
7,00E-3;4,00E-3;4,00E-3;;;;;;;;;;;;;;
7,01E-3;-2,00E-3;2,00E-3;;;;;;;;;;;;;;
7,02E-3;-2,00E-3;-2,00E-3;;;;;;;;;;;;;;
7,03E-3;2,00E-3;2,00E-3;;;;;;;;;;;;;;
7,04E-3;2,00E-3;2,00E-3;;;;;;;;;;;;;;
7,05E-3;2,00E-3;2,00E-3;;;;;;;;;;;;;;
7,06E-3;-2,00E-3;2,00E-3;;;;;;;;;;;;;;
7,07E-3;2,00E-3;2,00E-3;;;;;;;;;;;;;;
7,08E-3;2,00E-3;2,00E-3;;;;;;;;;;;;;;
7,09E-3;-2,00E-3;-6,00E-3;;;;;;;;;;;;;;
7,10E-3;2,00E-3;-6,00E-3;;;;;;;;;;;;;;
7,11E-3;2,00E-3;-2,00E-3;;;;;;;;;;;;;;
7,12E-3;2,00E-3;-2,00E-3;;;;;;;;;;;;;;
7,13E-3;-2,00E-3;-2,00E-3;;;;;;;;;;;;;;
7,14E-3;2,00E-3;-2,00E-3;;;;;;;;;;;;;;
7,15E-3;2,00E-3;2,00E-3;;;;;;;;;;;;;;
7,16E-3;-2,00E-3;-2,00E-3;;;;;;;;;;;;;;
7,17E-3;-2,00E-3;-2,00E-3;;;;;;;;;;;;;;
7,18E-3;-2,00E-3;-2,00E-3;;;;;;;;;;;;;;
7,19E-3;-2,00E-3;-2,00E-3;;;;;;;;;;;;;;
7,20E-3;2,00E-3;-2,00E-3;;;;;;;;;;;;;;
7,21E-3;-2,00E-3;-2,00E-3;;;;;;;;;;;;;;
7,22E-3;-2,00E-3;-2,00E-3;;;;;;;;;;;;;;
7,23E-3;4,00E-3;-2,00E-3;;;;;;;;;;;;;;
7,24E-3;2,00E-3;-2,00E-3;;;;;;;;;;;;;;
7,25E-3;-2,00E-3;-2,00E-3;;;;;;;;;;;;;;
7,26E-3;2,00E-3;-6,00E-3;;;;;;;;;;;;;;
7,27E-3;-2,00E-3;-1,00E-2;;;;;;;;;;;;;;
7,28E-3;-2,00E-3;-6,00E-3;;;;;;;;;;;;;;
7,29E-3;-2,00E-3;-6,00E-3;;;;;;;;;;;;;;
7,30E-3;-2,00E-3;-1,00E-2;;;;;;;;;;;;;;
7,31E-3;-2,00E-3;-1,00E-2;;;;;;;;;;;;;;
7,32E-3;-2,00E-3;-1,00E-2;;;;;;;;;;;;;;
7,33E-3;-2,00E-3;-1,00E-2;;;;;;;;;;;;;;
7,34E-3;-2,00E-3;-6,00E-3;;;;;;;;;;;;;;
7,35E-3;-2,00E-3;-6,00E-3;;;;;;;;;;;;;;
7,36E-3;-2,00E-3;-6,00E-3;;;;;;;;;;;;;;
7,37E-3;-2,00E-3;-1,00E-2;;;;;;;;;;;;;;
7,38E-3;-2,00E-3;-1,00E-2;;;;;;;;;;;;;;
7,39E-3;4,00E-3;4,00E-3;;;;;;;;;;;;;;
7,40E-3;-2,00E-3;-6,00E-3;;;;;;;;;;;;;;
7,41E-3;-2,00E-3;-6,00E-3;;;;;;;;;;;;;;
7,42E-3;-2,00E-3;-6,00E-3;;;;;;;;;;;;;;
7,43E-3;-2,00E-3;-1,00E-2;;;;;;;;;;;;;;
7,44E-3;4,00E-3;2,00E-3;;;;;;;;;;;;;;
7,45E-3;-2,00E-3;-6,00E-3;;;;;;;;;;;;;;
7,46E-3;-2,00E-3;-6,00E-3;;;;;;;;;;;;;;
7,47E-3;-2,00E-3;-6,00E-3;;;;;;;;;;;;;;
7,48E-3;-2,00E-3;-6,00E-3;;;;;;;;;;;;;;
7,49E-3;-2,00E-3;-6,00E-3;;;;;;;;;;;;;;
7,50E-3;-2,00E-3;-2,00E-3;;;;;;;;;;;;;;
7,51E-3;-2,00E-3;-2,00E-3;;;;;;;;;;;;;;
7,52E-3;-2,00E-3;-2,00E-3;;;;;;;;;;;;;;
7,53E-3;-2,00E-3;-2,00E-3;;;;;;;;;;;;;;
7,54E-3;2,00E-3;2,00E-3;;;;;;;;;;;;;;
7,55E-3;-2,00E-3;-2,00E-3;;;;;;;;;;;;;;
7,56E-3;-6,00E-3;-6,00E-3;;;;;;;;;;;;;;
7,57E-3;-2,00E-3;-2,00E-3;;;;;;;;;;;;;;
7,58E-3;-2,00E-3;-2,00E-3;;;;;;;;;;;;;;
7,59E-3;-2,00E-3;2,00E-3;;;;;;;;;;;;;;
7,60E-3;-2,00E-3;2,00E-3;;;;;;;;;;;;;;
7,61E-3;-2,00E-3;-2,00E-3;;;;;;;;;;;;;;
7,62E-3;-2,00E-3;-2,00E-3;;;;;;;;;;;;;;
7,63E-3;2,00E-3;2,00E-3;;;;;;;;;;;;;;
7,64E-3;2,00E-3;2,00E-3;;;;;;;;;;;;;;
7,65E-3;2,00E-3;2,00E-3;;;;;;;;;;;;;;
7,66E-3;-2,00E-3;2,00E-3;;;;;;;;;;;;;;
7,67E-3;-2,00E-3;2,00E-3;;;;;;;;;;;;;;
7,68E-3;2,00E-3;2,00E-3;;;;;;;;;;;;;;
7,69E-3;2,00E-3;4,00E-3;;;;;;;;;;;;;;
7,70E-3;2,00E-3;4,00E-3;;;;;;;;;;;;;;
7,71E-3;2,00E-3;4,00E-3;;;;;;;;;;;;;;
7,72E-3;2,00E-3;2,00E-3;;;;;;;;;;;;;;
7,73E-3;2,00E-3;4,00E-3;;;;;;;;;;;;;;
7,74E-3;2,00E-3;2,00E-3;;;;;;;;;;;;;;
7,75E-3;2,00E-3;2,00E-3;;;;;;;;;;;;;;
7,76E-3;4,00E-3;2,00E-3;;;;;;;;;;;;;;
7,77E-3;2,00E-3;2,00E-3;;;;;;;;;;;;;;
7,78E-3;2,00E-3;-2,00E-3;;;;;;;;;;;;;;
7,79E-3;2,00E-3;-2,00E-3;;;;;;;;;;;;;;
7,80E-3;-2,00E-3;-6,00E-3;;;;;;;;;;;;;;
7,81E-3;-2,00E-3;-6,00E-3;;;;;;;;;;;;;;
7,82E-3;2,00E-3;-2,00E-3;;;;;;;;;;;;;;
7,83E-3;-2,00E-3;-2,00E-3;;;;;;;;;;;;;;
7,84E-3;-2,00E-3;-6,00E-3;;;;;;;;;;;;;;
7,85E-3;-2,00E-3;-6,00E-3;;;;;;;;;;;;;;
7,86E-3;-2,00E-3;-6,00E-3;;;;;;;;;;;;;;
7,87E-3;-2,00E-3;-2,00E-3;;;;;;;;;;;;;;
7,88E-3;2,00E-3;2,00E-3;;;;;;;;;;;;;;
7,89E-3;2,00E-3;-2,00E-3;;;;;;;;;;;;;;
7,90E-3;-2,00E-3;-6,00E-3;;;;;;;;;;;;;;
7,91E-3;-2,00E-3;-6,00E-3;;;;;;;;;;;;;;
7,92E-3;-2,00E-3;-6,00E-3;;;;;;;;;;;;;;
7,93E-3;-2,00E-3;-6,00E-3;;;;;;;;;;;;;;
7,94E-3;-2,00E-3;-6,00E-3;;;;;;;;;;;;;;
7,95E-3;-2,00E-3;-6,00E-3;;;;;;;;;;;;;;
7,96E-3;-2,00E-3;-6,00E-3;;;;;;;;;;;;;;
7,97E-3;-2,00E-3;-2,00E-3;;;;;;;;;;;;;;
7,98E-3;-2,00E-3;-2,00E-3;;;;;;;;;;;;;;
7,99E-3;-2,00E-3;-6,00E-3;;;;;;;;;;;;;;
8,00E-3;-2,00E-3;2,00E-3;;;;;;;;;;;;;;
8,01E-3;2,00E-3;2,00E-3;;;;;;;;;;;;;;
8,02E-3;-2,00E-3;-2,00E-3;;;;;;;;;;;;;;
8,03E-3;-2,00E-3;-2,00E-3;;;;;;;;;;;;;;
8,04E-3;-2,00E-3;-2,00E-3;;;;;;;;;;;;;;
8,05E-3;-2,00E-3;-2,00E-3;;;;;;;;;;;;;;
8,06E-3;-2,00E-3;-2,00E-3;;;;;;;;;;;;;;
8,07E-3;-6,00E-3;-6,00E-3;;;;;;;;;;;;;;
8,08E-3;2,00E-3;-2,00E-3;;;;;;;;;;;;;;
8,09E-3;2,00E-3;-2,00E-3;;;;;;;;;;;;;;
8,10E-3;2,00E-3;2,00E-3;;;;;;;;;;;;;;
8,11E-3;-2,00E-3;-2,00E-3;;;;;;;;;;;;;;
8,12E-3;2,00E-3;-2,00E-3;;;;;;;;;;;;;;
8,13E-3;-2,00E-3;-6,00E-3;;;;;;;;;;;;;;
8,14E-3;2,00E-3;2,00E-3;;;;;;;;;;;;;;
8,15E-3;2,00E-3;-2,00E-3;;;;;;;;;;;;;;
8,16E-3;2,00E-3;-2,00E-3;;;;;;;;;;;;;;
8,17E-3;-2,00E-3;-2,00E-3;;;;;;;;;;;;;;
8,18E-3;-6,00E-3;-6,00E-3;;;;;;;;;;;;;;
8,19E-3;-2,00E-3;2,00E-3;;;;;;;;;;;;;;
8,20E-3;2,00E-3;2,00E-3;;;;;;;;;;;;;;
8,21E-3;2,00E-3;2,00E-3;;;;;;;;;;;;;;
8,22E-3;-2,00E-3;2,00E-3;;;;;;;;;;;;;;
8,23E-3;2,00E-3;2,00E-3;;;;;;;;;;;;;;
8,24E-3;-2,00E-3;-2,00E-3;;;;;;;;;;;;;;
8,25E-3;2,00E-3;2,00E-3;;;;;;;;;;;;;;
8,26E-3;2,00E-3;2,00E-3;;;;;;;;;;;;;;
8,27E-3;2,00E-3;2,00E-3;;;;;;;;;;;;;;
8,28E-3;2,00E-3;-2,00E-3;;;;;;;;;;;;;;
8,29E-3;-2,00E-3;-2,00E-3;;;;;;;;;;;;;;
8,30E-3;-2,00E-3;-2,00E-3;;;;;;;;;;;;;;
8,31E-3;-2,00E-3;-6,00E-3;;;;;;;;;;;;;;
8,32E-3;2,00E-3;-6,00E-3;;;;;;;;;;;;;;
8,33E-3;2,00E-3;-2,00E-3;;;;;;;;;;;;;;
8,34E-3;2,00E-3;-2,00E-3;;;;;;;;;;;;;;
8,35E-3;2,00E-3;-2,00E-3;;;;;;;;;;;;;;
8,36E-3;2,00E-3;-6,00E-3;;;;;;;;;;;;;;
8,37E-3;2,00E-3;-2,00E-3;;;;;;;;;;;;;;
8,38E-3;2,00E-3;-2,00E-3;;;;;;;;;;;;;;
8,39E-3;4,00E-3;-2,00E-3;;;;;;;;;;;;;;
8,40E-3;4,00E-3;-2,00E-3;;;;;;;;;;;;;;
8,41E-3;2,00E-3;-2,00E-3;;;;;;;;;;;;;;
8,42E-3;2,00E-3;-2,00E-3;;;;;;;;;;;;;;
8,43E-3;-2,00E-3;-6,00E-3;;;;;;;;;;;;;;
8,44E-3;2,00E-3;-6,00E-3;;;;;;;;;;;;;;
8,45E-3;-2,00E-3;-2,00E-3;;;;;;;;;;;;;;
8,46E-3;-2,00E-3;-6,00E-3;;;;;;;;;;;;;;
8,47E-3;-6,00E-3;-1,00E-2;;;;;;;;;;;;;;
8,48E-3;-2,00E-3;-6,00E-3;;;;;;;;;;;;;;
8,49E-3;-2,00E-3;-6,00E-3;;;;;;;;;;;;;;
8,50E-3;-2,00E-3;-2,00E-3;;;;;;;;;;;;;;
8,51E-3;-2,00E-3;-2,00E-3;;;;;;;;;;;;;;
8,52E-3;-2,00E-3;-6,00E-3;;;;;;;;;;;;;;
8,53E-3;2,00E-3;-6,00E-3;;;;;;;;;;;;;;
8,54E-3;-2,00E-3;-6,00E-3;;;;;;;;;;;;;;
8,55E-3;-2,00E-3;-6,00E-3;;;;;;;;;;;;;;
8,56E-3;2,00E-3;-2,00E-3;;;;;;;;;;;;;;
8,57E-3;2,00E-3;-2,00E-3;;;;;;;;;;;;;;
8,58E-3;-2,00E-3;-2,00E-3;;;;;;;;;;;;;;
8,59E-3;-2,00E-3;-2,00E-3;;;;;;;;;;;;;;
8,60E-3;2,00E-3;-2,00E-3;;;;;;;;;;;;;;
8,61E-3;-2,00E-3;-2,00E-3;;;;;;;;;;;;;;
8,62E-3;2,00E-3;-2,00E-3;;;;;;;;;;;;;;
8,63E-3;2,00E-3;2,00E-3;;;;;;;;;;;;;;
8,64E-3;2,00E-3;-2,00E-3;;;;;;;;;;;;;;
8,65E-3;2,00E-3;2,00E-3;;;;;;;;;;;;;;
8,66E-3;4,00E-3;4,00E-3;;;;;;;;;;;;;;
8,67E-3;-2,00E-3;-6,00E-3;;;;;;;;;;;;;;
8,68E-3;-2,00E-3;-6,00E-3;;;;;;;;;;;;;;
8,69E-3;-2,00E-3;-2,00E-3;;;;;;;;;;;;;;
8,70E-3;-6,00E-3;-2,00E-3;;;;;;;;;;;;;;
8,71E-3;-2,00E-3;-2,00E-3;;;;;;;;;;;;;;
8,72E-3;-2,00E-3;-2,00E-3;;;;;;;;;;;;;;
8,73E-3;-2,00E-3;-2,00E-3;;;;;;;;;;;;;;
8,74E-3;-2,00E-3;2,00E-3;;;;;;;;;;;;;;
8,75E-3;-2,00E-3;-2,00E-3;;;;;;;;;;;;;;
8,76E-3;-2,00E-3;2,00E-3;;;;;;;;;;;;;;
8,77E-3;2,00E-3;2,00E-3;;;;;;;;;;;;;;
8,78E-3;-2,00E-3;2,00E-3;;;;;;;;;;;;;;
8,79E-3;-2,00E-3;2,00E-3;;;;;;;;;;;;;;
8,80E-3;-2,00E-3;2,00E-3;;;;;;;;;;;;;;
8,81E-3;2,00E-3;2,00E-3;;;;;;;;;;;;;;
8,82E-3;-2,00E-3;2,00E-3;;;;;;;;;;;;;;
8,83E-3;-2,00E-3;-2,00E-3;;;;;;;;;;;;;;
8,84E-3;2,00E-3;2,00E-3;;;;;;;;;;;;;;
8,85E-3;2,00E-3;-2,00E-3;;;;;;;;;;;;;;
8,86E-3;-2,00E-3;2,00E-3;;;;;;;;;;;;;;
8,87E-3;2,00E-3;-2,00E-3;;;;;;;;;;;;;;
8,88E-3;2,00E-3;-2,00E-3;;;;;;;;;;;;;;
8,89E-3;2,00E-3;-2,00E-3;;;;;;;;;;;;;;
8,90E-3;2,00E-3;-2,00E-3;;;;;;;;;;;;;;
8,91E-3;2,00E-3;-2,00E-3;;;;;;;;;;;;;;
8,92E-3;-2,00E-3;-6,00E-3;;;;;;;;;;;;;;
8,93E-3;-2,00E-3;-6,00E-3;;;;;;;;;;;;;;
8,94E-3;-2,00E-3;-6,00E-3;;;;;;;;;;;;;;
8,95E-3;-2,00E-3;-6,00E-3;;;;;;;;;;;;;;
8,96E-3;-2,00E-3;-6,00E-3;;;;;;;;;;;;;;
8,97E-3;-2,00E-3;-2,00E-3;;;;;;;;;;;;;;
8,98E-3;-2,00E-3;-2,00E-3;;;;;;;;;;;;;;
8,99E-3;-2,00E-3;-2,00E-3;;;;;;;;;;;;;;
9,00E-3;-2,00E-3;-2,00E-3;;;;;;;;;;;;;;
9,01E-3;-2,00E-3;2,00E-3;;;;;;;;;;;;;;
9,02E-3;-2,00E-3;-2,00E-3;;;;;;;;;;;;;;
9,03E-3;2,00E-3;2,00E-3;;;;;;;;;;;;;;
9,04E-3;2,00E-3;4,00E-3;;;;;;;;;;;;;;
9,05E-3;-2,00E-3;2,00E-3;;;;;;;;;;;;;;
9,06E-3;-2,00E-3;2,00E-3;;;;;;;;;;;;;;
9,07E-3;2,00E-3;2,00E-3;;;;;;;;;;;;;;
9,08E-3;2,00E-3;2,00E-3;;;;;;;;;;;;;;
9,09E-3;2,00E-3;2,00E-3;;;;;;;;;;;;;;
9,10E-3;2,00E-3;4,00E-3;;;;;;;;;;;;;;
9,11E-3;-2,00E-3;2,00E-3;;;;;;;;;;;;;;
9,12E-3;2,00E-3;4,00E-3;;;;;;;;;;;;;;
9,13E-3;-2,00E-3;4,00E-3;;;;;;;;;;;;;;
9,14E-3;-2,00E-3;4,00E-3;;;;;;;;;;;;;;
9,15E-3;-2,00E-3;2,00E-3;;;;;;;;;;;;;;
9,16E-3;-2,00E-3;2,00E-3;;;;;;;;;;;;;;
9,17E-3;2,00E-3;4,00E-3;;;;;;;;;;;;;;
9,18E-3;2,00E-3;2,00E-3;;;;;;;;;;;;;;
9,19E-3;-2,00E-3;-2,00E-3;;;;;;;;;;;;;;
9,20E-3;-2,00E-3;-2,00E-3;;;;;;;;;;;;;;
9,21E-3;2,00E-3;-2,00E-3;;;;;;;;;;;;;;
9,22E-3;2,00E-3;2,00E-3;;;;;;;;;;;;;;
9,23E-3;2,00E-3;2,00E-3;;;;;;;;;;;;;;
9,24E-3;2,00E-3;2,00E-3;;;;;;;;;;;;;;
9,25E-3;2,00E-3;2,00E-3;;;;;;;;;;;;;;
9,26E-3;2,00E-3;2,00E-3;;;;;;;;;;;;;;
9,27E-3;2,00E-3;2,00E-3;;;;;;;;;;;;;;
9,28E-3;2,00E-3;4,00E-3;;;;;;;;;;;;;;
9,29E-3;4,00E-3;4,00E-3;;;;;;;;;;;;;;
9,30E-3;2,00E-3;2,00E-3;;;;;;;;;;;;;;
9,31E-3;-2,00E-3;2,00E-3;;;;;;;;;;;;;;
9,32E-3;2,00E-3;2,00E-3;;;;;;;;;;;;;;
9,33E-3;-2,00E-3;2,00E-3;;;;;;;;;;;;;;
9,34E-3;-2,00E-3;2,00E-3;;;;;;;;;;;;;;
9,35E-3;-2,00E-3;2,00E-3;;;;;;;;;;;;;;
9,36E-3;-2,00E-3;-2,00E-3;;;;;;;;;;;;;;
9,37E-3;-2,00E-3;-2,00E-3;;;;;;;;;;;;;;
9,38E-3;-2,00E-3;-2,00E-3;;;;;;;;;;;;;;
9,39E-3;-2,00E-3;-2,00E-3;;;;;;;;;;;;;;
9,40E-3;2,00E-3;2,00E-3;;;;;;;;;;;;;;
9,41E-3;-2,00E-3;-2,00E-3;;;;;;;;;;;;;;
9,42E-3;2,00E-3;2,00E-3;;;;;;;;;;;;;;
9,43E-3;-2,00E-3;-2,00E-3;;;;;;;;;;;;;;
9,44E-3;-2,00E-3;-2,00E-3;;;;;;;;;;;;;;
9,45E-3;2,00E-3;2,00E-3;;;;;;;;;;;;;;
9,46E-3;-2,00E-3;2,00E-3;;;;;;;;;;;;;;
9,47E-3;2,00E-3;2,00E-3;;;;;;;;;;;;;;
9,48E-3;2,00E-3;2,00E-3;;;;;;;;;;;;;;
9,49E-3;2,00E-3;2,00E-3;;;;;;;;;;;;;;
9,50E-3;2,00E-3;2,00E-3;;;;;;;;;;;;;;
9,51E-3;4,00E-3;2,00E-3;;;;;;;;;;;;;;
9,52E-3;2,00E-3;2,00E-3;;;;;;;;;;;;;;
9,53E-3;2,00E-3;2,00E-3;;;;;;;;;;;;;;
9,54E-3;2,00E-3;4,00E-3;;;;;;;;;;;;;;
9,55E-3;-2,00E-3;2,00E-3;;;;;;;;;;;;;;
9,56E-3;2,00E-3;2,00E-3;;;;;;;;;;;;;;
9,57E-3;-2,00E-3;-2,00E-3;;;;;;;;;;;;;;
9,58E-3;2,00E-3;2,00E-3;;;;;;;;;;;;;;
9,59E-3;-2,00E-3;2,00E-3;;;;;;;;;;;;;;
9,60E-3;2,00E-3;2,00E-3;;;;;;;;;;;;;;
9,61E-3;-2,00E-3;2,00E-3;;;;;;;;;;;;;;
9,62E-3;2,00E-3;2,00E-3;;;;;;;;;;;;;;
9,63E-3;2,00E-3;2,00E-3;;;;;;;;;;;;;;
9,64E-3;2,00E-3;-2,00E-3;;;;;;;;;;;;;;
9,65E-3;2,00E-3;2,00E-3;;;;;;;;;;;;;;
9,66E-3;2,00E-3;2,00E-3;;;;;;;;;;;;;;
9,67E-3;2,00E-3;2,00E-3;;;;;;;;;;;;;;
9,68E-3;2,00E-3;2,00E-3;;;;;;;;;;;;;;
9,69E-3;-2,00E-3;-2,00E-3;;;;;;;;;;;;;;
9,70E-3;-2,00E-3;-2,00E-3;;;;;;;;;;;;;;
9,71E-3;2,00E-3;2,00E-3;;;;;;;;;;;;;;
9,72E-3;2,00E-3;-2,00E-3;;;;;;;;;;;;;;
9,73E-3;2,00E-3;-2,00E-3;;;;;;;;;;;;;;
9,74E-3;-2,00E-3;-2,00E-3;;;;;;;;;;;;;;
9,75E-3;2,00E-3;-2,00E-3;;;;;;;;;;;;;;
9,76E-3;2,00E-3;-2,00E-3;;;;;;;;;;;;;;
9,77E-3;2,00E-3;-6,00E-3;;;;;;;;;;;;;;
9,78E-3;-2,00E-3;-6,00E-3;;;;;;;;;;;;;;
9,79E-3;2,00E-3;-6,00E-3;;;;;;;;;;;;;;
9,80E-3;2,00E-3;-6,00E-3;;;;;;;;;;;;;;
9,81E-3;2,00E-3;-6,00E-3;;;;;;;;;;;;;;
9,82E-3;-2,00E-3;-1,40E-2;;;;;;;;;;;;;;
9,83E-3;-2,00E-3;-1,40E-2;;;;;;;;;;;;;;
9,84E-3;-2,00E-3;-1,40E-2;;;;;;;;;;;;;;
9,85E-3;-6,00E-3;-1,40E-2;;;;;;;;;;;;;;
9,86E-3;-2,00E-3;-1,80E-2;;;;;;;;;;;;;;
9,87E-3;-6,00E-3;-1,40E-2;;;;;;;;;;;;;;
9,88E-3;-2,00E-3;-1,40E-2;;;;;;;;;;;;;;
9,89E-3;-2,00E-3;-1,40E-2;;;;;;;;;;;;;;
9,90E-3;-6,00E-3;-1,40E-2;;;;;;;;;;;;;;
9,91E-3;-6,00E-3;-1,00E-2;;;;;;;;;;;;;;
9,92E-3;-2,00E-3;-1,00E-2;;;;;;;;;;;;;;
9,93E-3;-2,00E-3;-1,00E-2;;;;;;;;;;;;;;
9,94E-3;-2,00E-3;-1,00E-2;;;;;;;;;;;;;;
9,95E-3;-6,00E-3;-1,00E-2;;;;;;;;;;;;;;
9,96E-3;-6,00E-3;-1,00E-2;;;;;;;;;;;;;;
9,97E-3;-6,00E-3;-1,00E-2;;;;;;;;;;;;;;
9,98E-3;-6,00E-3;-6,00E-3;;;;;;;;;;;;;;
9,99E-3;-6,00E-3;-6,00E-3;;;;;;;;;;;;;;
1,00E-2;-2,00E-3;-6,00E-3;;;;;;;;;;;;;;
1,00E-2;2,00E-3;2,00E-3;;;;;;;;;;;;;;
1,00E-2;-2,00E-3;-2,00E-3;;;;;;;;;;;;;;
1,00E-2;-6,00E-3;-6,00E-3;;;;;;;;;;;;;;
1,00E-2;-2,00E-3;-2,00E-3;;;;;;;;;;;;;;
1,01E-2;-2,00E-3;2,00E-3;;;;;;;;;;;;;;
1,01E-2;-2,00E-3;-2,00E-3;;;;;;;;;;;;;;
1,01E-2;-2,00E-3;-2,00E-3;;;;;;;;;;;;;;
1,01E-2;-2,00E-3;-2,00E-3;;;;;;;;;;;;;;
1,01E-2;-2,00E-3;2,00E-3;;;;;;;;;;;;;;
1,01E-2;-2,00E-3;2,00E-3;;;;;;;;;;;;;;
1,01E-2;-2,00E-3;2,00E-3;;;;;;;;;;;;;;
1,01E-2;2,00E-3;2,00E-3;;;;;;;;;;;;;;
1,01E-2;-2,00E-3;2,00E-3;;;;;;;;;;;;;;
1,01E-2;2,00E-3;2,00E-3;;;;;;;;;;;;;;
1,02E-2;-2,00E-3;2,00E-3;;;;;;;;;;;;;;
1,02E-2;2,00E-3;2,00E-3;;;;;;;;;;;;;;
1,02E-2;4,00E-3;4,00E-3;;;;;;;;;;;;;;
1,02E-2;-2,00E-3;4,00E-3;;;;;;;;;;;;;;
1,02E-2;2,00E-3;2,00E-3;;;;;;;;;;;;;;
1,02E-2;2,00E-3;4,00E-3;;;;;;;;;;;;;;
1,02E-2;2,00E-3;2,00E-3;;;;;;;;;;;;;;
1,02E-2;-2,00E-3;2,00E-3;;;;;;;;;;;;;;
1,02E-2;2,00E-3;2,00E-3;;;;;;;;;;;;;;
1,02E-2;2,00E-3;2,00E-3;;;;;;;;;;;;;;
1,03E-2;2,00E-3;2,00E-3;;;;;;;;;;;;;;
1,03E-2;-2,00E-3;-2,00E-3;;;;;;;;;;;;;;
1,03E-2;-2,00E-3;-2,00E-3;;;;;;;;;;;;;;
1,03E-2;2,00E-3;2,00E-3;;;;;;;;;;;;;;
1,03E-2;-2,00E-3;-2,00E-3;;;;;;;;;;;;;;
1,03E-2;-2,00E-3;-2,00E-3;;;;;;;;;;;;;;
1,03E-2;-2,00E-3;2,00E-3;;;;;;;;;;;;;;
1,03E-2;2,00E-3;-2,00E-3;;;;;;;;;;;;;;
1,03E-2;-2,00E-3;-2,00E-3;;;;;;;;;;;;;;
1,03E-2;2,00E-3;-6,00E-3;;;;;;;;;;;;;;
1,04E-2;-2,00E-3;-6,00E-3;;;;;;;;;;;;;;
1,04E-2;-2,00E-3;-6,00E-3;;;;;;;;;;;;;;
1,04E-2;-2,00E-3;-2,00E-3;;;;;;;;;;;;;;
1,04E-2;-2,00E-3;-6,00E-3;;;;;;;;;;;;;;
1,04E-2;-2,00E-3;-6,00E-3;;;;;;;;;;;;;;
1,04E-2;-2,00E-3;-6,00E-3;;;;;;;;;;;;;;
1,04E-2;2,00E-3;-6,00E-3;;;;;;;;;;;;;;
1,04E-2;-2,00E-3;-1,00E-2;;;;;;;;;;;;;;
1,04E-2;-2,00E-3;-1,00E-2;;;;;;;;;;;;;;
1,04E-2;-2,00E-3;-6,00E-3;;;;;;;;;;;;;;
1,05E-2;-2,00E-3;-1,00E-2;;;;;;;;;;;;;;
1,05E-2;-6,00E-3;-1,00E-2;;;;;;;;;;;;;;
1,05E-2;-2,00E-3;-1,00E-2;;;;;;;;;;;;;;
1,05E-2;-6,00E-3;-6,00E-3;;;;;;;;;;;;;;
1,05E-2;-2,00E-3;-6,00E-3;;;;;;;;;;;;;;
1,05E-2;-6,00E-3;-6,00E-3;;;;;;;;;;;;;;
1,05E-2;-6,00E-3;-6,00E-3;;;;;;;;;;;;;;
1,05E-2;-6,00E-3;-6,00E-3;;;;;;;;;;;;;;
1,05E-2;-2,00E-3;-2,00E-3;;;;;;;;;;;;;;
1,05E-2;-2,00E-3;2,00E-3;;;;;;;;;;;;;;
1,06E-2;-6,00E-3;-2,00E-3;;;;;;;;;;;;;;
1,06E-2;-2,00E-3;2,00E-3;;;;;;;;;;;;;;
1,06E-2;-2,00E-3;-2,00E-3;;;;;;;;;;;;;;
1,06E-2;-6,00E-3;-2,00E-3;;;;;;;;;;;;;;
1,06E-2;-2,00E-3;-2,00E-3;;;;;;;;;;;;;;
1,06E-2;-2,00E-3;-2,00E-3;;;;;;;;;;;;;;
1,06E-2;-2,00E-3;-2,00E-3;;;;;;;;;;;;;;
1,06E-2;-2,00E-3;-2,00E-3;;;;;;;;;;;;;;
1,06E-2;-2,00E-3;2,00E-3;;;;;;;;;;;;;;
1,06E-2;2,00E-3;2,00E-3;;;;;;;;;;;;;;
1,07E-2;-2,00E-3;2,00E-3;;;;;;;;;;;;;;
1,07E-2;-2,00E-3;2,00E-3;;;;;;;;;;;;;;
1,07E-2;-2,00E-3;2,00E-3;;;;;;;;;;;;;;
1,07E-2;2,00E-3;2,00E-3;;;;;;;;;;;;;;
1,07E-2;2,00E-3;4,00E-3;;;;;;;;;;;;;;
1,07E-2;2,00E-3;2,00E-3;;;;;;;;;;;;;;
1,07E-2;-2,00E-3;2,00E-3;;;;;;;;;;;;;;
1,07E-2;-2,00E-3;-2,00E-3;;;;;;;;;;;;;;
1,07E-2;-2,00E-3;-2,00E-3;;;;;;;;;;;;;;
1,07E-2;-2,00E-3;2,00E-3;;;;;;;;;;;;;;
1,08E-2;-2,00E-3;-2,00E-3;;;;;;;;;;;;;;
1,08E-2;2,00E-3;-2,00E-3;;;;;;;;;;;;;;
1,08E-2;2,00E-3;-2,00E-3;;;;;;;;;;;;;;
1,08E-2;-2,00E-3;2,00E-3;;;;;;;;;;;;;;
1,08E-2;-2,00E-3;-2,00E-3;;;;;;;;;;;;;;
1,08E-2;-2,00E-3;2,00E-3;;;;;;;;;;;;;;
1,08E-2;-2,00E-3;2,00E-3;;;;;;;;;;;;;;
1,08E-2;2,00E-3;4,00E-3;;;;;;;;;;;;;;
1,08E-2;2,00E-3;2,00E-3;;;;;;;;;;;;;;
1,08E-2;2,00E-3;2,00E-3;;;;;;;;;;;;;;
1,09E-2;2,00E-3;2,00E-3;;;;;;;;;;;;;;
1,09E-2;-2,00E-3;2,00E-3;;;;;;;;;;;;;;
1,09E-2;-2,00E-3;2,00E-3;;;;;;;;;;;;;;
1,09E-2;2,00E-3;4,00E-3;;;;;;;;;;;;;;
1,09E-2;2,00E-3;4,00E-3;;;;;;;;;;;;;;
1,09E-2;2,00E-3;2,00E-3;;;;;;;;;;;;;;
1,09E-2;2,00E-3;2,00E-3;;;;;;;;;;;;;;
1,09E-2;2,00E-3;2,00E-3;;;;;;;;;;;;;;
1,09E-2;-2,00E-3;2,00E-3;;;;;;;;;;;;;;
1,09E-2;2,00E-3;4,00E-3;;;;;;;;;;;;;;
1,10E-2;2,00E-3;4,00E-3;;;;;;;;;;;;;;
1,10E-2;2,00E-3;2,00E-3;;;;;;;;;;;;;;
1,10E-2;2,00E-3;2,00E-3;;;;;;;;;;;;;;
1,10E-2;-2,00E-3;-2,00E-3;;;;;;;;;;;;;;
1,10E-2;2,00E-3;2,00E-3;;;;;;;;;;;;;;
1,10E-2;2,00E-3;4,00E-3;;;;;;;;;;;;;;
1,10E-2;2,00E-3;4,00E-3;;;;;;;;;;;;;;
1,10E-2;2,00E-3;4,00E-3;;;;;;;;;;;;;;
1,10E-2;4,00E-3;4,00E-3;;;;;;;;;;;;;;
1,10E-2;4,00E-3;4,00E-3;;;;;;;;;;;;;;
1,11E-2;4,00E-3;4,00E-3;;;;;;;;;;;;;;
1,11E-2;2,00E-3;4,00E-3;;;;;;;;;;;;;;
1,11E-2;4,00E-3;4,00E-3;;;;;;;;;;;;;;
1,11E-2;4,00E-3;8,00E-3;;;;;;;;;;;;;;
1,11E-2;2,00E-3;4,00E-3;;;;;;;;;;;;;;
1,11E-2;2,00E-3;2,00E-3;;;;;;;;;;;;;;
1,11E-2;2,00E-3;2,00E-3;;;;;;;;;;;;;;
1,11E-2;2,00E-3;2,00E-3;;;;;;;;;;;;;;
1,11E-2;-2,00E-3;2,00E-3;;;;;;;;;;;;;;
1,11E-2;2,00E-3;2,00E-3;;;;;;;;;;;;;;
1,12E-2;-2,00E-3;2,00E-3;;;;;;;;;;;;;;
1,12E-2;2,00E-3;4,00E-3;;;;;;;;;;;;;;
1,12E-2;-2,00E-3;2,00E-3;;;;;;;;;;;;;;
1,12E-2;2,00E-3;4,00E-3;;;;;;;;;;;;;;
1,12E-2;2,00E-3;4,00E-3;;;;;;;;;;;;;;
1,12E-2;2,00E-3;4,00E-3;;;;;;;;;;;;;;
1,12E-2;2,00E-3;4,00E-3;;;;;;;;;;;;;;
1,12E-2;2,00E-3;4,00E-3;;;;;;;;;;;;;;
1,12E-2;2,00E-3;8,00E-3;;;;;;;;;;;;;;
1,12E-2;2,00E-3;4,00E-3;;;;;;;;;;;;;;
1,13E-2;2,00E-3;4,00E-3;;;;;;;;;;;;;;
1,13E-2;2,00E-3;8,00E-3;;;;;;;;;;;;;;
1,13E-2;2,00E-3;8,00E-3;;;;;;;;;;;;;;
1,13E-2;2,00E-3;1,20E-2;;;;;;;;;;;;;;
1,13E-2;4,00E-3;1,20E-2;;;;;;;;;;;;;;
1,13E-2;4,00E-3;1,20E-2;;;;;;;;;;;;;;
1,13E-2;4,00E-3;1,20E-2;;;;;;;;;;;;;;
1,13E-2;8,00E-3;1,60E-2;;;;;;;;;;;;;;
1,13E-2;8,00E-3;1,60E-2;;;;;;;;;;;;;;
1,13E-2;8,00E-3;1,60E-2;;;;;;;;;;;;;;
1,14E-2;8,00E-3;1,60E-2;;;;;;;;;;;;;;
1,14E-2;4,00E-3;1,60E-2;;;;;;;;;;;;;;
1,14E-2;4,00E-3;1,20E-2;;;;;;;;;;;;;;
1,14E-2;8,00E-3;1,20E-2;;;;;;;;;;;;;;
1,14E-2;8,00E-3;1,20E-2;;;;;;;;;;;;;;
1,14E-2;1,20E-2;1,20E-2;;;;;;;;;;;;;;
1,14E-2;1,20E-2;1,60E-2;;;;;;;;;;;;;;
1,14E-2;1,20E-2;1,60E-2;;;;;;;;;;;;;;
1,14E-2;1,20E-2;1,20E-2;;;;;;;;;;;;;;
1,14E-2;1,20E-2;1,60E-2;;;;;;;;;;;;;;
1,15E-2;1,60E-2;1,60E-2;;;;;;;;;;;;;;
1,15E-2;1,60E-2;1,60E-2;;;;;;;;;;;;;;
1,15E-2;1,20E-2;1,60E-2;;;;;;;;;;;;;;
1,15E-2;8,00E-3;8,00E-3;;;;;;;;;;;;;;
1,15E-2;1,20E-2;1,20E-2;;;;;;;;;;;;;;
1,15E-2;8,00E-3;1,20E-2;;;;;;;;;;;;;;
1,15E-2;1,20E-2;1,20E-2;;;;;;;;;;;;;;
1,15E-2;1,20E-2;1,20E-2;;;;;;;;;;;;;;
1,15E-2;1,20E-2;1,20E-2;;;;;;;;;;;;;;
1,15E-2;1,20E-2;1,20E-2;;;;;;;;;;;;;;
1,16E-2;1,20E-2;1,20E-2;;;;;;;;;;;;;;
1,16E-2;1,20E-2;1,20E-2;;;;;;;;;;;;;;
1,16E-2;1,20E-2;1,20E-2;;;;;;;;;;;;;;
1,16E-2;8,00E-3;8,00E-3;;;;;;;;;;;;;;
1,16E-2;1,20E-2;1,20E-2;;;;;;;;;;;;;;
1,16E-2;8,00E-3;8,00E-3;;;;;;;;;;;;;;
1,16E-2;8,00E-3;8,00E-3;;;;;;;;;;;;;;
1,16E-2;8,00E-3;1,20E-2;;;;;;;;;;;;;;
1,16E-2;8,00E-3;1,20E-2;;;;;;;;;;;;;;
1,16E-2;8,00E-3;1,20E-2;;;;;;;;;;;;;;
1,17E-2;8,00E-3;1,20E-2;;;;;;;;;;;;;;
1,17E-2;8,00E-3;1,20E-2;;;;;;;;;;;;;;
1,17E-2;1,20E-2;1,20E-2;;;;;;;;;;;;;;
1,17E-2;1,20E-2;1,60E-2;;;;;;;;;;;;;;
1,17E-2;1,20E-2;1,60E-2;;;;;;;;;;;;;;
1,17E-2;1,20E-2;1,60E-2;;;;;;;;;;;;;;
1,17E-2;4,00E-3;1,20E-2;;;;;;;;;;;;;;
1,17E-2;1,20E-2;1,60E-2;;;;;;;;;;;;;;
1,17E-2;1,20E-2;1,20E-2;;;;;;;;;;;;;;
1,17E-2;1,20E-2;1,20E-2;;;;;;;;;;;;;;
1,18E-2;1,20E-2;1,20E-2;;;;;;;;;;;;;;
1,18E-2;1,20E-2;1,60E-2;;;;;;;;;;;;;;
1,18E-2;1,20E-2;1,20E-2;;;;;;;;;;;;;;
1,18E-2;1,20E-2;1,20E-2;;;;;;;;;;;;;;
1,18E-2;1,20E-2;1,20E-2;;;;;;;;;;;;;;
1,18E-2;1,20E-2;1,20E-2;;;;;;;;;;;;;;
1,18E-2;2,40E-2;2,40E-2;;;;;;;;;;;;;;
1,18E-2;1,20E-2;1,20E-2;;;;;;;;;;;;;;
1,18E-2;8,00E-3;8,00E-3;;;;;;;;;;;;;;
1,18E-2;1,20E-2;1,20E-2;;;;;;;;;;;;;;
1,19E-2;1,20E-2;1,20E-2;;;;;;;;;;;;;;
1,19E-2;1,20E-2;8,00E-3;;;;;;;;;;;;;;
1,19E-2;1,20E-2;8,00E-3;;;;;;;;;;;;;;
1,19E-2;1,20E-2;1,20E-2;;;;;;;;;;;;;;
1,19E-2;1,20E-2;1,20E-2;;;;;;;;;;;;;;
1,19E-2;1,20E-2;1,20E-2;;;;;;;;;;;;;;
1,19E-2;1,20E-2;8,00E-3;;;;;;;;;;;;;;
1,19E-2;1,20E-2;1,20E-2;;;;;;;;;;;;;;
1,19E-2;1,20E-2;1,20E-2;;;;;;;;;;;;;;
1,19E-2;8,00E-3;1,20E-2;;;;;;;;;;;;;;
1,20E-2;1,20E-2;1,20E-2;;;;;;;;;;;;;;
1,20E-2;1,20E-2;1,20E-2;;;;;;;;;;;;;;
1,20E-2;1,20E-2;1,20E-2;;;;;;;;;;;;;;
1,20E-2;8,00E-3;1,20E-2;;;;;;;;;;;;;;
1,20E-2;8,00E-3;8,00E-3;;;;;;;;;;;;;;
1,20E-2;1,20E-2;1,20E-2;;;;;;;;;;;;;;
1,20E-2;1,20E-2;1,20E-2;;;;;;;;;;;;;;
1,20E-2;8,00E-3;8,00E-3;;;;;;;;;;;;;;
1,20E-2;8,00E-3;8,00E-3;;;;;;;;;;;;;;
1,20E-2;1,20E-2;1,20E-2;;;;;;;;;;;;;;
1,21E-2;1,20E-2;8,00E-3;;;;;;;;;;;;;;
1,21E-2;1,20E-2;8,00E-3;;;;;;;;;;;;;;
1,21E-2;1,20E-2;1,20E-2;;;;;;;;;;;;;;
1,21E-2;1,20E-2;8,00E-3;;;;;;;;;;;;;;
1,21E-2;8,00E-3;8,00E-3;;;;;;;;;;;;;;
1,21E-2;8,00E-3;1,20E-2;;;;;;;;;;;;;;
1,21E-2;8,00E-3;8,00E-3;;;;;;;;;;;;;;
1,21E-2;1,20E-2;8,00E-3;;;;;;;;;;;;;;
1,21E-2;8,00E-3;1,20E-2;;;;;;;;;;;;;;
1,21E-2;1,20E-2;1,20E-2;;;;;;;;;;;;;;
1,22E-2;8,00E-3;8,00E-3;;;;;;;;;;;;;;
1,22E-2;1,20E-2;8,00E-3;;;;;;;;;;;;;;
1,22E-2;1,20E-2;8,00E-3;;;;;;;;;;;;;;
1,22E-2;1,20E-2;8,00E-3;;;;;;;;;;;;;;
1,22E-2;1,20E-2;8,00E-3;;;;;;;;;;;;;;
1,22E-2;1,20E-2;1,20E-2;;;;;;;;;;;;;;
1,22E-2;1,20E-2;8,00E-3;;;;;;;;;;;;;;
1,22E-2;4,00E-3;4,00E-3;;;;;;;;;;;;;;
1,22E-2;1,20E-2;1,20E-2;;;;;;;;;;;;;;
1,22E-2;1,20E-2;8,00E-3;;;;;;;;;;;;;;
1,23E-2;1,20E-2;1,20E-2;;;;;;;;;;;;;;
1,23E-2;8,00E-3;8,00E-3;;;;;;;;;;;;;;
1,23E-2;8,00E-3;8,00E-3;;;;;;;;;;;;;;
1,23E-2;1,20E-2;8,00E-3;;;;;;;;;;;;;;
1,23E-2;1,20E-2;8,00E-3;;;;;;;;;;;;;;
1,23E-2;1,20E-2;8,00E-3;;;;;;;;;;;;;;
1,23E-2;1,20E-2;1,20E-2;;;;;;;;;;;;;;
1,23E-2;1,20E-2;1,20E-2;;;;;;;;;;;;;;
1,23E-2;1,20E-2;8,00E-3;;;;;;;;;;;;;;
1,23E-2;1,20E-2;8,00E-3;;;;;;;;;;;;;;
1,24E-2;1,20E-2;1,20E-2;;;;;;;;;;;;;;
1,24E-2;1,20E-2;8,00E-3;;;;;;;;;;;;;;
1,24E-2;1,20E-2;8,00E-3;;;;;;;;;;;;;;
1,24E-2;8,00E-3;8,00E-3;;;;;;;;;;;;;;
1,24E-2;1,20E-2;8,00E-3;;;;;;;;;;;;;;
1,24E-2;1,20E-2;8,00E-3;;;;;;;;;;;;;;
1,24E-2;1,20E-2;8,00E-3;;;;;;;;;;;;;;
1,24E-2;1,20E-2;8,00E-3;;;;;;;;;;;;;;
1,24E-2;1,20E-2;8,00E-3;;;;;;;;;;;;;;
1,24E-2;8,00E-3;4,00E-3;;;;;;;;;;;;;;
1,25E-2;1,20E-2;8,00E-3;;;;;;;;;;;;;;
1,25E-2;1,20E-2;4,00E-3;;;;;;;;;;;;;;
1,25E-2;1,20E-2;4,00E-3;;;;;;;;;;;;;;
1,25E-2;1,20E-2;4,00E-3;;;;;;;;;;;;;;
1,25E-2;1,20E-2;4,00E-3;;;;;;;;;;;;;;
1,25E-2;8,00E-3;8,00E-3;;;;;;;;;;;;;;
1,25E-2;8,00E-3;4,00E-3;;;;;;;;;;;;;;
1,25E-2;8,00E-3;2,00E-3;;;;;;;;;;;;;;
1,25E-2;8,00E-3;4,00E-3;;;;;;;;;;;;;;
1,25E-2;8,00E-3;4,00E-3;;;;;;;;;;;;;;
1,26E-2;4,00E-3;2,00E-3;;;;;;;;;;;;;;
1,26E-2;1,20E-2;4,00E-3;;;;;;;;;;;;;;
1,26E-2;8,00E-3;8,00E-3;;;;;;;;;;;;;;
1,26E-2;8,00E-3;4,00E-3;;;;;;;;;;;;;;
1,26E-2;1,20E-2;8,00E-3;;;;;;;;;;;;;;
1,26E-2;1,20E-2;8,00E-3;;;;;;;;;;;;;;
1,26E-2;1,20E-2;1,20E-2;;;;;;;;;;;;;;
1,26E-2;1,20E-2;1,20E-2;;;;;;;;;;;;;;
1,26E-2;1,20E-2;1,20E-2;;;;;;;;;;;;;;
1,26E-2;1,20E-2;8,00E-3;;;;;;;;;;;;;;
1,27E-2;1,20E-2;8,00E-3;;;;;;;;;;;;;;
1,27E-2;8,00E-3;8,00E-3;;;;;;;;;;;;;;
1,27E-2;1,20E-2;8,00E-3;;;;;;;;;;;;;;
1,27E-2;8,00E-3;8,00E-3;;;;;;;;;;;;;;
1,27E-2;1,20E-2;8,00E-3;;;;;;;;;;;;;;
1,27E-2;8,00E-3;8,00E-3;;;;;;;;;;;;;;
1,27E-2;1,20E-2;4,00E-3;;;;;;;;;;;;;;
1,27E-2;1,20E-2;8,00E-3;;;;;;;;;;;;;;
1,27E-2;1,20E-2;8,00E-3;;;;;;;;;;;;;;
1,27E-2;1,20E-2;8,00E-3;;;;;;;;;;;;;;
1,28E-2;1,20E-2;4,00E-3;;;;;;;;;;;;;;
1,28E-2;1,20E-2;4,00E-3;;;;;;;;;;;;;;
1,28E-2;1,20E-2;8,00E-3;;;;;;;;;;;;;;
1,28E-2;1,20E-2;4,00E-3;;;;;;;;;;;;;;
1,28E-2;1,20E-2;4,00E-3;;;;;;;;;;;;;;
1,28E-2;1,20E-2;4,00E-3;;;;;;;;;;;;;;
1,28E-2;1,60E-2;8,00E-3;;;;;;;;;;;;;;
1,28E-2;1,20E-2;4,00E-3;;;;;;;;;;;;;;
1,28E-2;1,20E-2;4,00E-3;;;;;;;;;;;;;;
1,28E-2;1,20E-2;4,00E-3;;;;;;;;;;;;;;
1,29E-2;1,20E-2;2,00E-3;;;;;;;;;;;;;;
1,29E-2;1,20E-2;4,00E-3;;;;;;;;;;;;;;
1,29E-2;8,00E-3;2,00E-3;;;;;;;;;;;;;;
1,29E-2;8,00E-3;2,00E-3;;;;;;;;;;;;;;
1,29E-2;8,00E-3;2,00E-3;;;;;;;;;;;;;;
1,29E-2;8,00E-3;2,00E-3;;;;;;;;;;;;;;
1,29E-2;1,20E-2;4,00E-3;;;;;;;;;;;;;;
1,29E-2;8,00E-3;4,00E-3;;;;;;;;;;;;;;
1,29E-2;8,00E-3;4,00E-3;;;;;;;;;;;;;;
1,29E-2;8,00E-3;8,00E-3;;;;;;;;;;;;;;
1,30E-2;8,00E-3;8,00E-3;;;;;;;;;;;;;;
1,30E-2;8,00E-3;8,00E-3;;;;;;;;;;;;;;
1,30E-2;8,00E-3;8,00E-3;;;;;;;;;;;;;;
1,30E-2;1,20E-2;8,00E-3;;;;;;;;;;;;;;
1,30E-2;1,20E-2;8,00E-3;;;;;;;;;;;;;;
1,30E-2;1,20E-2;8,00E-3;;;;;;;;;;;;;;
1,30E-2;1,20E-2;8,00E-3;;;;;;;;;;;;;;
1,30E-2;8,00E-3;4,00E-3;;;;;;;;;;;;;;
1,30E-2;8,00E-3;4,00E-3;;;;;;;;;;;;;;
1,30E-2;1,20E-2;4,00E-3;;;;;;;;;;;;;;
1,31E-2;1,20E-2;8,00E-3;;;;;;;;;;;;;;
1,31E-2;8,00E-3;4,00E-3;;;;;;;;;;;;;;
1,31E-2;8,00E-3;4,00E-3;;;;;;;;;;;;;;
1,31E-2;8,00E-3;4,00E-3;;;;;;;;;;;;;;
1,31E-2;1,20E-2;8,00E-3;;;;;;;;;;;;;;
1,31E-2;1,20E-2;8,00E-3;;;;;;;;;;;;;;
1,31E-2;8,00E-3;8,00E-3;;;;;;;;;;;;;;
1,31E-2;2,60E-2;2,00E-2;;;;;;;;;;;;;;
1,31E-2;1,20E-2;8,00E-3;;;;;;;;;;;;;;
1,31E-2;1,20E-2;8,00E-3;;;;;;;;;;;;;;
1,32E-2;8,00E-3;8,00E-3;;;;;;;;;;;;;;
1,32E-2;8,00E-3;4,00E-3;;;;;;;;;;;;;;
1,32E-2;8,00E-3;8,00E-3;;;;;;;;;;;;;;
1,32E-2;8,00E-3;4,00E-3;;;;;;;;;;;;;;
1,32E-2;1,20E-2;4,00E-3;;;;;;;;;;;;;;
1,32E-2;8,00E-3;4,00E-3;;;;;;;;;;;;;;
1,32E-2;1,20E-2;4,00E-3;;;;;;;;;;;;;;
1,32E-2;1,20E-2;4,00E-3;;;;;;;;;;;;;;
1,32E-2;1,20E-2;4,00E-3;;;;;;;;;;;;;;
1,32E-2;1,20E-2;4,00E-3;;;;;;;;;;;;;;
1,33E-2;8,00E-3;2,00E-3;;;;;;;;;;;;;;
1,33E-2;4,00E-3;-6,00E-3;;;;;;;;;;;;;;
1,33E-2;8,00E-3;2,00E-3;;;;;;;;;;;;;;
1,33E-2;1,20E-2;2,00E-3;;;;;;;;;;;;;;
1,33E-2;1,60E-2;8,00E-3;;;;;;;;;;;;;;
1,33E-2;8,00E-3;2,00E-3;;;;;;;;;;;;;;
1,33E-2;1,20E-2;2,00E-3;;;;;;;;;;;;;;
1,33E-2;8,00E-3;-2,00E-3;;;;;;;;;;;;;;
1,33E-2;8,00E-3;2,00E-3;;;;;;;;;;;;;;
1,33E-2;8,00E-3;2,00E-3;;;;;;;;;;;;;;
1,34E-2;8,00E-3;2,00E-3;;;;;;;;;;;;;;
1,34E-2;1,20E-2;2,00E-3;;;;;;;;;;;;;;
1,34E-2;4,00E-3;-2,00E-3;;;;;;;;;;;;;;
1,34E-2;8,00E-3;2,00E-3;;;;;;;;;;;;;;
1,34E-2;8,00E-3;2,00E-3;;;;;;;;;;;;;;
1,34E-2;4,00E-3;2,00E-3;;;;;;;;;;;;;;
1,34E-2;8,00E-3;2,00E-3;;;;;;;;;;;;;;
1,34E-2;4,00E-3;4,00E-3;;;;;;;;;;;;;;
1,34E-2;4,00E-3;2,00E-3;;;;;;;;;;;;;;
1,34E-2;8,00E-3;8,00E-3;;;;;;;;;;;;;;
1,35E-2;8,00E-3;8,00E-3;;;;;;;;;;;;;;
1,35E-2;8,00E-3;8,00E-3;;;;;;;;;;;;;;
1,35E-2;8,00E-3;1,20E-2;;;;;;;;;;;;;;
1,35E-2;1,20E-2;1,20E-2;;;;;;;;;;;;;;
1,35E-2;4,00E-3;8,00E-3;;;;;;;;;;;;;;
1,35E-2;1,20E-2;1,60E-2;;;;;;;;;;;;;;
1,35E-2;1,20E-2;1,60E-2;;;;;;;;;;;;;;
1,35E-2;1,20E-2;1,20E-2;;;;;;;;;;;;;;
1,35E-2;1,20E-2;1,20E-2;;;;;;;;;;;;;;
1,35E-2;1,20E-2;1,60E-2;;;;;;;;;;;;;;
1,36E-2;1,20E-2;1,20E-2;;;;;;;;;;;;;;
1,36E-2;1,20E-2;1,20E-2;;;;;;;;;;;;;;
1,36E-2;1,20E-2;1,20E-2;;;;;;;;;;;;;;
1,36E-2;1,20E-2;8,00E-3;;;;;;;;;;;;;;
1,36E-2;1,20E-2;8,00E-3;;;;;;;;;;;;;;
1,36E-2;1,20E-2;8,00E-3;;;;;;;;;;;;;;
1,36E-2;1,20E-2;4,00E-3;;;;;;;;;;;;;;
1,36E-2;8,00E-3;4,00E-3;;;;;;;;;;;;;;
1,36E-2;1,20E-2;4,00E-3;;;;;;;;;;;;;;
1,36E-2;1,20E-2;4,00E-3;;;;;;;;;;;;;;
1,37E-2;1,20E-2;2,00E-3;;;;;;;;;;;;;;
1,37E-2;-1,80E-2;-2,80E-2;;;;;;;;;;;;;;
1,37E-2;8,00E-3;-2,00E-3;;;;;;;;;;;;;;
1,37E-2;4,00E-3;-2,00E-3;;;;;;;;;;;;;;
1,37E-2;4,00E-3;-2,00E-3;;;;;;;;;;;;;;
1,37E-2;4,00E-3;-2,00E-3;;;;;;;;;;;;;;
1,37E-2;-2,00E-3;-6,00E-3;;;;;;;;;;;;;;
1,37E-2;2,00E-3;-2,00E-3;;;;;;;;;;;;;;
1,37E-2;4,00E-3;-2,00E-3;;;;;;;;;;;;;;
1,37E-2;4,00E-3;-2,00E-3;;;;;;;;;;;;;;
1,38E-2;2,00E-3;-2,00E-3;;;;;;;;;;;;;;
1,38E-2;2,00E-3;-2,00E-3;;;;;;;;;;;;;;
1,38E-2;4,00E-3;-2,00E-3;;;;;;;;;;;;;;
1,38E-2;2,00E-3;-2,00E-3;;;;;;;;;;;;;;
1,38E-2;-2,00E-3;-2,00E-3;;;;;;;;;;;;;;
1,38E-2;-2,00E-3;-2,00E-3;;;;;;;;;;;;;;
1,38E-2;2,00E-3;-2,00E-3;;;;;;;;;;;;;;
1,38E-2;2,00E-3;2,00E-3;;;;;;;;;;;;;;
1,38E-2;2,00E-3;2,00E-3;;;;;;;;;;;;;;
1,38E-2;2,00E-3;2,00E-3;;;;;;;;;;;;;;
1,39E-2;4,00E-3;2,00E-3;;;;;;;;;;;;;;
1,39E-2;2,00E-3;2,00E-3;;;;;;;;;;;;;;
1,39E-2;2,00E-3;2,00E-3;;;;;;;;;;;;;;
1,39E-2;4,00E-3;4,00E-3;;;;;;;;;;;;;;
1,39E-2;4,00E-3;4,00E-3;;;;;;;;;;;;;;
1,39E-2;2,00E-3;2,00E-3;;;;;;;;;;;;;;
1,39E-2;4,00E-3;4,00E-3;;;;;;;;;;;;;;
1,39E-2;2,00E-3;4,00E-3;;;;;;;;;;;;;;
1,39E-2;8,00E-3;8,00E-3;;;;;;;;;;;;;;
1,39E-2;8,00E-3;8,00E-3;;;;;;;;;;;;;;
1,40E-2;8,00E-3;8,00E-3;;;;;;;;;;;;;;
1,40E-2;8,00E-3;8,00E-3;;;;;;;;;;;;;;
1,40E-2;1,20E-2;1,20E-2;;;;;;;;;;;;;;
1,40E-2;8,00E-3;8,00E-3;;;;;;;;;;;;;;
1,40E-2;8,00E-3;8,00E-3;;;;;;;;;;;;;;
1,40E-2;1,20E-2;1,20E-2;;;;;;;;;;;;;;
1,40E-2;1,20E-2;1,20E-2;;;;;;;;;;;;;;
1,40E-2;1,20E-2;1,20E-2;;;;;;;;;;;;;;
1,40E-2;8,00E-3;1,20E-2;;;;;;;;;;;;;;
1,40E-2;8,00E-3;1,20E-2;;;;;;;;;;;;;;
1,41E-2;8,00E-3;8,00E-3;;;;;;;;;;;;;;
1,41E-2;1,20E-2;1,20E-2;;;;;;;;;;;;;;
1,41E-2;4,00E-3;8,00E-3;;;;;;;;;;;;;;
1,41E-2;8,00E-3;8,00E-3;;;;;;;;;;;;;;
1,41E-2;8,00E-3;8,00E-3;;;;;;;;;;;;;;
1,41E-2;8,00E-3;8,00E-3;;;;;;;;;;;;;;
1,41E-2;8,00E-3;8,00E-3;;;;;;;;;;;;;;
1,41E-2;8,00E-3;8,00E-3;;;;;;;;;;;;;;
1,41E-2;8,00E-3;8,00E-3;;;;;;;;;;;;;;
1,41E-2;8,00E-3;8,00E-3;;;;;;;;;;;;;;
1,42E-2;8,00E-3;1,20E-2;;;;;;;;;;;;;;
1,42E-2;8,00E-3;8,00E-3;;;;;;;;;;;;;;
1,42E-2;4,00E-3;1,20E-2;;;;;;;;;;;;;;
1,42E-2;4,00E-3;8,00E-3;;;;;;;;;;;;;;
1,42E-2;4,00E-3;8,00E-3;;;;;;;;;;;;;;
1,42E-2;2,60E-2;3,00E-2;;;;;;;;;;;;;;
1,42E-2;8,00E-3;8,00E-3;;;;;;;;;;;;;;
1,42E-2;8,00E-3;8,00E-3;;;;;;;;;;;;;;
1,42E-2;8,00E-3;8,00E-3;;;;;;;;;;;;;;
1,42E-2;4,00E-3;4,00E-3;;;;;;;;;;;;;;
1,43E-2;8,00E-3;4,00E-3;;;;;;;;;;;;;;
1,43E-2;8,00E-3;8,00E-3;;;;;;;;;;;;;;
1,43E-2;8,00E-3;8,00E-3;;;;;;;;;;;;;;
1,43E-2;8,00E-3;4,00E-3;;;;;;;;;;;;;;
1,43E-2;4,00E-3;4,00E-3;;;;;;;;;;;;;;
1,43E-2;4,00E-3;4,00E-3;;;;;;;;;;;;;;
1,43E-2;4,00E-3;4,00E-3;;;;;;;;;;;;;;
1,43E-2;4,00E-3;4,00E-3;;;;;;;;;;;;;;
1,43E-2;4,00E-3;4,00E-3;;;;;;;;;;;;;;
1,43E-2;4,00E-3;4,00E-3;;;;;;;;;;;;;;
1,44E-2;4,00E-3;4,00E-3;;;;;;;;;;;;;;
1,44E-2;4,00E-3;4,00E-3;;;;;;;;;;;;;;
1,44E-2;8,00E-3;4,00E-3;;;;;;;;;;;;;;
1,44E-2;4,00E-3;4,00E-3;;;;;;;;;;;;;;
1,44E-2;4,00E-3;4,00E-3;;;;;;;;;;;;;;
1,44E-2;8,00E-3;4,00E-3;;;;;;;;;;;;;;
1,44E-2;4,00E-3;8,00E-3;;;;;;;;;;;;;;
1,44E-2;4,00E-3;4,00E-3;;;;;;;;;;;;;;
1,44E-2;2,00E-3;2,00E-3;;;;;;;;;;;;;;
1,44E-2;4,00E-3;2,00E-3;;;;;;;;;;;;;;
1,45E-2;4,00E-3;2,00E-3;;;;;;;;;;;;;;
1,45E-2;2,00E-2;1,60E-2;;;;;;;;;;;;;;
1,45E-2;4,00E-3;4,00E-3;;;;;;;;;;;;;;
1,45E-2;4,00E-3;2,00E-3;;;;;;;;;;;;;;
1,45E-2;4,00E-3;2,00E-3;;;;;;;;;;;;;;
1,45E-2;4,00E-3;4,00E-3;;;;;;;;;;;;;;
1,45E-2;4,00E-3;4,00E-3;;;;;;;;;;;;;;
1,45E-2;4,00E-3;4,00E-3;;;;;;;;;;;;;;
1,45E-2;4,00E-3;4,00E-3;;;;;;;;;;;;;;
1,45E-2;2,00E-3;2,00E-3;;;;;;;;;;;;;;
1,46E-2;-2,00E-3;2,00E-3;;;;;;;;;;;;;;
1,46E-2;2,00E-3;4,00E-3;;;;;;;;;;;;;;
1,46E-2;4,00E-3;4,00E-3;;;;;;;;;;;;;;
1,46E-2;4,00E-3;4,00E-3;;;;;;;;;;;;;;
1,46E-2;4,00E-3;4,00E-3;;;;;;;;;;;;;;
1,46E-2;4,00E-3;4,00E-3;;;;;;;;;;;;;;
1,46E-2;4,00E-3;4,00E-3;;;;;;;;;;;;;;
1,46E-2;2,00E-3;2,00E-3;;;;;;;;;;;;;;
1,46E-2;4,00E-3;4,00E-3;;;;;;;;;;;;;;
1,46E-2;8,00E-3;4,00E-3;;;;;;;;;;;;;;
1,47E-2;8,00E-3;4,00E-3;;;;;;;;;;;;;;
1,47E-2;2,00E-3;2,00E-3;;;;;;;;;;;;;;
1,47E-2;8,00E-3;8,00E-3;;;;;;;;;;;;;;
1,47E-2;4,00E-3;4,00E-3;;;;;;;;;;;;;;
1,47E-2;4,00E-3;4,00E-3;;;;;;;;;;;;;;
1,47E-2;4,00E-3;2,00E-3;;;;;;;;;;;;;;
1,47E-2;4,00E-3;4,00E-3;;;;;;;;;;;;;;
1,47E-2;4,00E-3;4,00E-3;;;;;;;;;;;;;;
1,47E-2;4,00E-3;2,00E-3;;;;;;;;;;;;;;
1,47E-2;2,00E-3;2,00E-3;;;;;;;;;;;;;;
1,48E-2;2,00E-3;2,00E-3;;;;;;;;;;;;;;
1,48E-2;4,00E-3;2,00E-3;;;;;;;;;;;;;;
1,48E-2;-4,40E-2;-5,40E-2;;;;;;;;;;;;;;
1,48E-2;2,00E-3;-2,00E-3;;;;;;;;;;;;;;
1,48E-2;2,00E-3;-2,00E-3;;;;;;;;;;;;;;
1,48E-2;2,00E-3;-2,00E-3;;;;;;;;;;;;;;
1,48E-2;2,00E-3;-6,00E-3;;;;;;;;;;;;;;
1,48E-2;2,00E-3;2,00E-3;;;;;;;;;;;;;;
1,48E-2;2,00E-3;-6,00E-3;;;;;;;;;;;;;;
1,48E-2;4,00E-3;-2,00E-3;;;;;;;;;;;;;;
1,49E-2;2,00E-3;-2,00E-3;;;;;;;;;;;;;;
1,49E-2;2,00E-3;-2,00E-3;;;;;;;;;;;;;;
1,49E-2;2,00E-3;-2,00E-3;;;;;;;;;;;;;;
1,49E-2;2,00E-3;-2,00E-3;;;;;;;;;;;;;;
1,49E-2;4,00E-3;-2,00E-3;;;;;;;;;;;;;;
1,49E-2;2,00E-3;-2,00E-3;;;;;;;;;;;;;;
1,49E-2;4,00E-3;2,00E-3;;;;;;;;;;;;;;
1,49E-2;-2,00E-3;-2,00E-3;;;;;;;;;;;;;;
1,49E-2;4,00E-3;-2,00E-3;;;;;;;;;;;;;;
1,49E-2;-2,00E-3;-2,00E-3;;;;;;;;;;;;;;
1,50E-2;-2,00E-3;-2,00E-3;;;;;;;;;;;;;;
1,50E-2;-2,00E-3;-2,00E-3;;;;;;;;;;;;;;
1,50E-2;-2,00E-3;-2,00E-3;;;;;;;;;;;;;;
1,50E-2;8,00E-3;2,00E-3;;;;;;;;;;;;;;
1,50E-2;-2,00E-3;-2,00E-3;;;;;;;;;;;;;;
1,50E-2;-2,00E-3;-1,00E-2;;;;;;;;;;;;;;
1,50E-2;-2,00E-3;-2,00E-3;;;;;;;;;;;;;;
